participant_id,Condition,Illusion_Type,Block,Trial,Stimulus,ISI,FixationCross_Left,FixationCross_Top,Answer,Error,Illusion_Strength,Illusion_Difference,Illusion_Effect,Illusion_Side
sub-001,Baseline,Ebbinghaus,1,1.0,Ebbinghaus_1.00000_1.40000,871.0,-40.0,26.0,left,1,1.0,1.4,Incongruent,1.0
sub-001,Baseline,Ebbinghaus,1,2.0,Ebbinghaus_0.15000_1.40000,595.0,9.0,-12.0,left,1,0.15,1.4,Incongruent,1.0
sub-001,Baseline,Ebbinghaus,1,3.0,Ebbinghaus_-1.0000_-1.4000,975.0,-27.0,15.0,right,1,-1.0,1.4,Congruent,-1.0
sub-001,Baseline,Ebbinghaus,1,4.0,Ebbinghaus_-1.0000_1.40000,612.0,7.0,-17.0,left,1,-1.0,1.4,Congruent,1.0
sub-001,Baseline,Ebbinghaus,1,5.0,Ebbinghaus_1.00000_-1.4000,829.0,1.0,-11.0,right,1,1.0,1.4,Incongruent,-1.0
sub-001,Baseline,Ebbinghaus,1,6.0,Ebbinghaus_0.15000_-1.4000,975.0,-17.0,-24.0,right,1,0.15,1.4,Incongruent,-1.0
sub-001,Baseline,Ebbinghaus,1,7.0,Ebbinghaus_-0.1500_1.40000,537.0,-8.0,16.0,left,1,-0.15,1.4,Congruent,1.0
sub-001,Baseline,Ebbinghaus,1,8.0,Ebbinghaus_-0.1500_-1.4000,954.0,-21.0,17.0,right,1,-0.15,1.4,Congruent,-1.0
sub-001,Baseline,MullerLyer,1,9.0,MullerLyer_-3.0000_0.70000,712.0,8.0,-18.0,up,1,-3.0,0.7,Congruent,1.0
sub-001,Baseline,MullerLyer,1,10.0,MullerLyer_23.0000_-0.7000,851.0,33.0,-8.0,down,1,23.0,0.7,Incongruent,-1.0
sub-001,Baseline,MullerLyer,1,11.0,MullerLyer_-23.000_-0.7000,761.0,-21.0,-5.0,down,1,-23.0,0.7,Congruent,-1.0
sub-001,Baseline,MullerLyer,1,12.0,MullerLyer_3.00000_-0.7000,936.0,-11.0,-16.0,down,1,3.0,0.7,Incongruent,-1.0
sub-001,Baseline,MullerLyer,1,13.0,MullerLyer_-3.0000_-0.7000,763.0,27.0,-14.0,down,1,-3.0,0.7,Congruent,-1.0
sub-001,Baseline,MullerLyer,1,14.0,MullerLyer_3.00000_0.70000,522.0,-23.0,12.0,up,1,3.0,0.7,Incongruent,1.0
sub-001,Baseline,MullerLyer,1,15.0,MullerLyer_-23.000_0.70000,522.0,-5.0,3.0,up,1,-23.0,0.7,Congruent,1.0
sub-001,Baseline,MullerLyer,1,16.0,MullerLyer_23.0000_0.70000,956.0,24.0,0.0,up,1,23.0,0.7,Incongruent,1.0
sub-001,Baseline,VerticalHorizontal,1,17.0,VerticalHorizontal_4.50000_-0.9000,627.0,-1.0,25.0,right,1,4.5,0.9,Incongruent,-1.0
sub-001,Baseline,VerticalHorizontal,1,18.0,VerticalHorizontal_-33.000_0.90000,800.0,-28.0,-19.0,left,1,-33.0,0.9,Congruent,1.0
sub-001,Baseline,VerticalHorizontal,1,19.0,VerticalHorizontal_33.0000_0.90000,773.0,-19.0,-6.0,left,1,33.0,0.9,Incongruent,1.0
sub-001,Baseline,VerticalHorizontal,1,20.0,VerticalHorizontal_-33.000_-0.9000,594.0,2.0,18.0,right,1,-33.0,0.9,Congruent,-1.0
sub-001,Baseline,VerticalHorizontal,1,21.0,VerticalHorizontal_33.0000_-0.9000,894.0,21.0,-10.0,right,1,33.0,0.9,Incongruent,-1.0
sub-001,Baseline,VerticalHorizontal,1,22.0,VerticalHorizontal_-4.5000_0.90000,648.0,-9.0,16.0,left,1,-4.5,0.9,Congruent,1.0
sub-001,Baseline,VerticalHorizontal,1,23.0,VerticalHorizontal_4.50000_0.90000,526.0,-22.0,-15.0,left,1,4.5,0.9,Incongruent,1.0
sub-001,Baseline,VerticalHorizontal,1,24.0,VerticalHorizontal_-4.5000_-0.9000,980.0,-8.0,22.0,right,1,-4.5,0.9,Congruent,-1.0
sub-001,Baseline,MullerLyer,1,25.0,MullerLyer_-30.000_0.13370,853.0,-26.0,-15.0,up,1,-30.0,0.1337,Congruent,1.0
sub-001,Baseline,MullerLyer,1,26.0,MullerLyer_24.0000_0.13370,890.0,14.0,-8.0,down,0,24.0,0.1337,Incongruent,1.0
sub-001,Baseline,MullerLyer,1,27.0,MullerLyer_-12.000_0.24183,726.0,-14.0,-11.0,up,1,-12.0,0.24183,Congruent,1.0
sub-001,Baseline,MullerLyer,1,28.0,MullerLyer_-12.000_-0.1337,985.0,10.0,-42.0,down,1,-12.0,0.1337,Congruent,-1.0
sub-001,Baseline,MullerLyer,1,29.0,MullerLyer_30.0000_-0.0450,558.0,-38.0,-17.0,up,0,30.0,0.045,Incongruent,-1.0
sub-001,Baseline,MullerLyer,1,30.0,MullerLyer_-18.000_0.13370,841.0,-29.0,8.0,up,1,-18.0,0.1337,Congruent,1.0
sub-001,Baseline,MullerLyer,1,31.0,MullerLyer_-12.000_-0.37364,657.0,41.0,12.0,down,1,-12.0,0.37364,Congruent,-1.0
sub-001,Baseline,MullerLyer,1,32.0,MullerLyer_-6.0000_-0.24183,807.0,7.0,33.0,down,1,-6.0,0.24183,Congruent,-1.0
sub-001,Baseline,MullerLyer,1,33.0,MullerLyer_18.0000_-0.37364,624.0,1.0,1.0,down,1,18.0,0.37364,Incongruent,-1.0
sub-001,Baseline,MullerLyer,1,34.0,MullerLyer_12.0000_-0.24183,540.0,10.0,22.0,up,0,12.0,0.24183,Incongruent,-1.0
sub-001,Baseline,MullerLyer,1,35.0,MullerLyer_18.0000_0.04500,948.0,18.0,-12.0,down,0,18.0,0.045,Incongruent,1.0
sub-001,Baseline,MullerLyer,1,36.0,MullerLyer_12.0000_0.37364,697.0,-8.0,12.0,up,1,12.0,0.37364,Incongruent,1.0
sub-001,Baseline,MullerLyer,1,37.0,MullerLyer_-24.000_0.13370,956.0,32.0,18.0,up,1,-24.0,0.1337,Congruent,1.0
sub-001,Baseline,MullerLyer,1,38.0,MullerLyer_-30.000_0.37364,520.0,8.0,-15.0,up,1,-30.0,0.37364,Congruent,1.0
sub-001,Baseline,MullerLyer,1,39.0,MullerLyer_-6.0000_0.37364,827.0,-6.0,-7.0,up,1,-6.0,0.37364,Congruent,1.0
sub-001,Baseline,MullerLyer,1,40.0,MullerLyer_-6.0000_-0.37364,583.0,24.0,4.0,down,1,-6.0,0.37364,Congruent,-1.0
sub-001,Baseline,MullerLyer,1,41.0,MullerLyer_18.0000_0.24183,693.0,17.0,34.0,up,1,18.0,0.24183,Incongruent,1.0
sub-001,Baseline,MullerLyer,1,42.0,MullerLyer_18.0000_0.37364,655.0,-13.0,-15.0,up,1,18.0,0.37364,Incongruent,1.0
sub-001,Baseline,MullerLyer,1,43.0,MullerLyer_24.0000_0.37364,831.0,38.0,-7.0,up,1,24.0,0.37364,Incongruent,1.0
sub-001,Baseline,MullerLyer,1,44.0,MullerLyer_30.0000_-0.24183,740.0,-28.0,14.0,up,0,30.0,0.24183,Incongruent,-1.0
sub-001,Baseline,MullerLyer,1,45.0,MullerLyer_30.0000_-0.37364,967.0,-33.0,36.0,up,0,30.0,0.37364,Incongruent,-1.0
sub-001,Baseline,MullerLyer,1,46.0,MullerLyer_30.0000_0.24183,880.0,1.0,19.0,down,0,30.0,0.24183,Incongruent,1.0
sub-001,Baseline,MullerLyer,1,47.0,MullerLyer_-12.000_-0.24183,878.0,34.0,5.0,down,1,-12.0,0.24183,Congruent,-1.0
sub-001,Baseline,MullerLyer,1,48.0,MullerLyer_-6.0000_0.04500,569.0,-31.0,-2.0,up,1,-6.0,0.045,Congruent,1.0
sub-001,Baseline,MullerLyer,1,49.0,MullerLyer_6.00000_-0.1337,670.0,-15.0,10.0,down,1,6.0,0.1337,Incongruent,-1.0
sub-001,Baseline,MullerLyer,1,50.0,MullerLyer_30.0000_0.37364,537.0,-11.0,1.0,up,1,30.0,0.37364,Incongruent,1.0
sub-001,Baseline,MullerLyer,1,51.0,MullerLyer_6.00000_-0.0450,861.0,16.0,-26.0,up,0,6.0,0.045,Incongruent,-1.0
sub-001,Baseline,MullerLyer,1,52.0,MullerLyer_-30.000_-0.1337,802.0,-20.0,16.0,down,1,-30.0,0.1337,Congruent,-1.0
sub-001,Baseline,MullerLyer,1,53.0,MullerLyer_-18.000_-0.24183,607.0,-14.0,-9.0,down,1,-18.0,0.24183,Congruent,-1.0
sub-001,Baseline,MullerLyer,1,54.0,MullerLyer_-24.000_-0.37364,885.0,1.0,23.0,down,1,-24.0,0.37364,Congruent,-1.0
sub-001,Baseline,MullerLyer,1,55.0,MullerLyer_-18.000_0.04500,652.0,-7.0,14.0,up,1,-18.0,0.045,Congruent,1.0
sub-001,Baseline,MullerLyer,1,56.0,MullerLyer_-6.0000_-0.1337,860.0,-11.0,-1.0,down,1,-6.0,0.1337,Congruent,-1.0
sub-001,Baseline,MullerLyer,1,57.0,MullerLyer_6.00000_0.37364,511.0,36.0,-20.0,up,1,6.0,0.37364,Incongruent,1.0
sub-001,Baseline,MullerLyer,1,58.0,MullerLyer_-18.000_0.24183,594.0,-6.0,-42.0,up,1,-18.0,0.24183,Congruent,1.0
sub-001,Baseline,MullerLyer,1,59.0,MullerLyer_-24.000_0.24183,678.0,22.0,4.0,up,1,-24.0,0.24183,Congruent,1.0
sub-001,Baseline,MullerLyer,1,60.0,MullerLyer_-18.000_-0.0450,647.0,2.0,12.0,down,1,-18.0,0.045,Congruent,-1.0
sub-001,Baseline,MullerLyer,1,61.0,MullerLyer_-24.000_0.37364,534.0,-9.0,-1.0,up,1,-24.0,0.37364,Congruent,1.0
sub-001,Baseline,MullerLyer,1,62.0,MullerLyer_30.0000_-0.1337,829.0,37.0,-12.0,up,0,30.0,0.1337,Incongruent,-1.0
sub-001,Baseline,MullerLyer,1,63.0,MullerLyer_30.0000_0.04500,605.0,20.0,-34.0,down,0,30.0,0.045,Incongruent,1.0
sub-001,Baseline,MullerLyer,1,64.0,MullerLyer_12.0000_-0.37364,572.0,7.0,26.0,down,1,12.0,0.37364,Incongruent,-1.0
sub-001,Baseline,MullerLyer,1,65.0,MullerLyer_-6.0000_0.13370,547.0,21.0,4.0,up,1,-6.0,0.1337,Congruent,1.0
sub-001,Baseline,MullerLyer,1,66.0,MullerLyer_-30.000_-0.24183,879.0,-19.0,-10.0,down,1,-30.0,0.24183,Congruent,-1.0
sub-001,Baseline,MullerLyer,1,67.0,MullerLyer_18.0000_-0.24183,903.0,-3.0,21.0,up,0,18.0,0.24183,Incongruent,-1.0
sub-001,Baseline,MullerLyer,1,68.0,MullerLyer_-12.000_0.04500,983.0,21.0,-7.0,up,1,-12.0,0.045,Congruent,1.0
sub-001,Baseline,MullerLyer,1,69.0,MullerLyer_12.0000_-0.1337,773.0,11.0,-14.0,up,0,12.0,0.1337,Incongruent,-1.0
sub-001,Baseline,MullerLyer,1,70.0,MullerLyer_-30.000_-0.37364,911.0,-40.0,37.0,down,1,-30.0,0.37364,Congruent,-1.0
sub-001,Baseline,MullerLyer,1,71.0,MullerLyer_6.00000_0.04500,823.0,38.0,11.0,down,0,6.0,0.045,Incongruent,1.0
sub-001,Baseline,MullerLyer,1,72.0,MullerLyer_24.0000_-0.37364,814.0,-15.0,18.0,up,0,24.0,0.37364,Incongruent,-1.0
sub-001,Baseline,MullerLyer,1,73.0,MullerLyer_24.0000_-0.24183,747.0,27.0,-21.0,down,1,24.0,0.24183,Incongruent,-1.0
sub-001,Baseline,MullerLyer,1,74.0,MullerLyer_18.0000_-0.0450,849.0,-20.0,-17.0,up,0,18.0,0.045,Incongruent,-1.0
sub-001,Baseline,MullerLyer,1,75.0,MullerLyer_30.0000_0.13370,579.0,-37.0,-25.0,down,0,30.0,0.1337,Incongruent,1.0
sub-001,Baseline,MullerLyer,1,76.0,MullerLyer_6.00000_-0.37364,911.0,14.0,5.0,down,1,6.0,0.37364,Incongruent,-1.0
sub-001,Baseline,MullerLyer,1,77.0,MullerLyer_-12.000_0.13370,784.0,-23.0,-15.0,up,1,-12.0,0.1337,Congruent,1.0
sub-001,Baseline,MullerLyer,1,78.0,MullerLyer_-12.000_0.37364,522.0,-9.0,12.0,up,1,-12.0,0.37364,Congruent,1.0
sub-001,Baseline,MullerLyer,1,79.0,MullerLyer_-24.000_-0.1337,625.0,-10.0,26.0,down,1,-24.0,0.1337,Congruent,-1.0
sub-001,Baseline,MullerLyer,1,80.0,MullerLyer_-24.000_-0.24183,598.0,-24.0,-25.0,down,1,-24.0,0.24183,Congruent,-1.0
sub-001,Baseline,MullerLyer,1,81.0,MullerLyer_12.0000_0.24183,998.0,1.0,10.0,up,1,12.0,0.24183,Incongruent,1.0
sub-001,Baseline,MullerLyer,1,82.0,MullerLyer_6.00000_0.24183,990.0,-4.0,8.0,up,1,6.0,0.24183,Incongruent,1.0
sub-001,Baseline,MullerLyer,1,83.0,MullerLyer_18.0000_-0.1337,562.0,-46.0,-1.0,up,0,18.0,0.1337,Incongruent,-1.0
sub-001,Baseline,MullerLyer,1,84.0,MullerLyer_12.0000_0.13370,956.0,-5.0,-18.0,up,1,12.0,0.1337,Incongruent,1.0
sub-001,Baseline,MullerLyer,1,85.0,MullerLyer_-24.000_-0.0450,783.0,-29.0,0.0,down,1,-24.0,0.045,Congruent,-1.0
sub-001,Baseline,MullerLyer,1,86.0,MullerLyer_-30.000_0.24183,510.0,-16.0,7.0,up,1,-30.0,0.24183,Congruent,1.0
sub-001,Baseline,MullerLyer,1,87.0,MullerLyer_24.0000_-0.1337,886.0,-27.0,-2.0,up,0,24.0,0.1337,Incongruent,-1.0
sub-001,Baseline,MullerLyer,1,88.0,MullerLyer_24.0000_0.04500,777.0,31.0,1.0,down,0,24.0,0.045,Incongruent,1.0
sub-001,Baseline,MullerLyer,1,89.0,MullerLyer_-18.000_-0.1337,734.0,-11.0,-23.0,down,1,-18.0,0.1337,Congruent,-1.0
sub-001,Baseline,MullerLyer,1,90.0,MullerLyer_-6.0000_0.24183,713.0,18.0,1.0,up,1,-6.0,0.24183,Congruent,1.0
sub-001,Baseline,MullerLyer,1,91.0,MullerLyer_-6.0000_-0.0450,716.0,-7.0,9.0,down,1,-6.0,0.045,Congruent,-1.0
sub-001,Baseline,MullerLyer,1,92.0,MullerLyer_18.0000_0.13370,778.0,0.0,-26.0,down,0,18.0,0.1337,Incongruent,1.0
sub-001,Baseline,MullerLyer,1,93.0,MullerLyer_12.0000_-0.0450,596.0,-25.0,-23.0,up,0,12.0,0.045,Incongruent,-1.0
sub-001,Baseline,MullerLyer,1,94.0,MullerLyer_-18.000_0.37364,575.0,-21.0,-26.0,up,1,-18.0,0.37364,Congruent,1.0
sub-001,Baseline,MullerLyer,1,95.0,MullerLyer_-30.000_0.04500,675.0,18.0,-16.0,up,1,-30.0,0.045,Congruent,1.0
sub-001,Baseline,MullerLyer,1,96.0,MullerLyer_-18.000_-0.37364,747.0,20.0,3.0,down,1,-18.0,0.37364,Congruent,-1.0
sub-001,Baseline,MullerLyer,1,97.0,MullerLyer_12.0000_0.04500,953.0,-16.0,-9.0,down,0,12.0,0.045,Incongruent,1.0
sub-001,Baseline,MullerLyer,1,98.0,MullerLyer_-12.000_-0.0450,617.0,17.0,-12.0,down,1,-12.0,0.045,Congruent,-1.0
sub-001,Baseline,MullerLyer,1,99.0,MullerLyer_-24.000_0.04500,954.0,-13.0,16.0,up,1,-24.0,0.045,Congruent,1.0
sub-001,Baseline,MullerLyer,1,100.0,MullerLyer_6.00000_0.13370,874.0,-11.0,-14.0,up,1,6.0,0.1337,Incongruent,1.0
sub-001,Baseline,MullerLyer,1,101.0,MullerLyer_24.0000_0.24183,822.0,-44.0,-1.0,up,1,24.0,0.24183,Incongruent,1.0
sub-001,Baseline,MullerLyer,1,102.0,MullerLyer_-30.000_-0.0450,783.0,10.0,8.0,down,1,-30.0,0.045,Congruent,-1.0
sub-001,Baseline,MullerLyer,1,103.0,MullerLyer_24.0000_-0.0450,946.0,-17.0,-1.0,up,0,24.0,0.045,Incongruent,-1.0
sub-001,Baseline,MullerLyer,1,104.0,MullerLyer_6.00000_-0.24183,724.0,-26.0,34.0,down,1,6.0,0.24183,Incongruent,-1.0
sub-001,Baseline,Ebbinghaus,1,1.0,Ebbinghaus_0.30000_0.05000,584.0,22.0,13.0,right,0,0.3,0.05,Incongruent,1.0
sub-001,Baseline,Ebbinghaus,1,2.0,Ebbinghaus_-0.9000_0.26870,614.0,25.0,-3.0,left,1,-0.9,0.2687,Congruent,1.0
sub-001,Baseline,Ebbinghaus,1,3.0,Ebbinghaus_-1.5000_-0.14856,745.0,-31.0,4.0,right,1,-1.5,0.14856,Congruent,-1.0
sub-001,Baseline,Ebbinghaus,1,4.0,Ebbinghaus_1.20000_0.41515,652.0,13.0,-38.0,left,1,1.2,0.41515,Incongruent,1.0
sub-001,Baseline,Ebbinghaus,1,5.0,Ebbinghaus_-0.9000_-0.41515,791.0,-24.0,15.0,right,1,-0.9,0.41515,Congruent,-1.0
sub-001,Baseline,Ebbinghaus,1,6.0,Ebbinghaus_-0.9000_0.05000,710.0,32.0,12.0,left,1,-0.9,0.05,Congruent,1.0
sub-001,Baseline,Ebbinghaus,1,7.0,Ebbinghaus_-1.5000_0.41515,949.0,11.0,11.0,left,1,-1.5,0.41515,Congruent,1.0
sub-001,Baseline,Ebbinghaus,1,8.0,Ebbinghaus_0.60000_0.14856,937.0,38.0,-21.0,right,0,0.6,0.14856,Incongruent,1.0
sub-001,Baseline,Ebbinghaus,1,9.0,Ebbinghaus_-0.3000_-0.14856,583.0,-11.0,28.0,right,1,-0.3,0.14856,Congruent,-1.0
sub-001,Baseline,Ebbinghaus,1,10.0,Ebbinghaus_-0.6000_-0.2687,631.0,24.0,17.0,right,1,-0.6,0.2687,Congruent,-1.0
sub-001,Baseline,Ebbinghaus,1,11.0,Ebbinghaus_-1.2000_0.05000,969.0,-21.0,41.0,left,1,-1.2,0.05,Congruent,1.0
sub-001,Baseline,Ebbinghaus,1,12.0,Ebbinghaus_1.20000_0.05000,564.0,7.0,-36.0,right,0,1.2,0.05,Incongruent,1.0
sub-001,Baseline,Ebbinghaus,1,13.0,Ebbinghaus_-0.3000_0.41515,620.0,-28.0,32.0,left,1,-0.3,0.41515,Congruent,1.0
sub-001,Baseline,Ebbinghaus,1,14.0,Ebbinghaus_-0.9000_0.41515,854.0,14.0,25.0,left,1,-0.9,0.41515,Congruent,1.0
sub-001,Baseline,Ebbinghaus,1,15.0,Ebbinghaus_-0.9000_-0.2687,594.0,-5.0,-30.0,right,1,-0.9,0.2687,Congruent,-1.0
sub-001,Baseline,Ebbinghaus,1,16.0,Ebbinghaus_0.30000_0.26870,833.0,-13.0,13.0,left,1,0.3,0.2687,Incongruent,1.0
sub-001,Baseline,Ebbinghaus,1,17.0,Ebbinghaus_0.60000_0.26870,636.0,-4.0,-36.0,left,1,0.6,0.2687,Incongruent,1.0
sub-001,Baseline,Ebbinghaus,1,18.0,Ebbinghaus_0.90000_-0.14856,571.0,-33.0,2.0,right,1,0.9,0.14856,Incongruent,-1.0
sub-001,Baseline,Ebbinghaus,1,19.0,Ebbinghaus_1.50000_-0.0500,953.0,16.0,-27.0,left,0,1.5,0.05,Incongruent,-1.0
sub-001,Baseline,Ebbinghaus,1,20.0,Ebbinghaus_0.90000_-0.0500,760.0,-10.0,7.0,left,0,0.9,0.05,Incongruent,-1.0
sub-001,Baseline,Ebbinghaus,1,21.0,Ebbinghaus_-1.2000_0.41515,552.0,-26.0,5.0,left,1,-1.2,0.41515,Congruent,1.0
sub-001,Baseline,Ebbinghaus,1,22.0,Ebbinghaus_-1.2000_-0.2687,848.0,37.0,18.0,right,1,-1.2,0.2687,Congruent,-1.0
sub-001,Baseline,Ebbinghaus,1,23.0,Ebbinghaus_-0.9000_-0.14856,592.0,-27.0,-32.0,right,1,-0.9,0.14856,Congruent,-1.0
sub-001,Baseline,Ebbinghaus,1,24.0,Ebbinghaus_0.30000_-0.41515,926.0,-39.0,6.0,right,1,0.3,0.41515,Incongruent,-1.0
sub-001,Baseline,Ebbinghaus,1,25.0,Ebbinghaus_1.20000_-0.14856,743.0,-18.0,-11.0,left,0,1.2,0.14856,Incongruent,-1.0
sub-001,Baseline,Ebbinghaus,1,26.0,Ebbinghaus_1.20000_0.14856,557.0,16.0,-29.0,right,0,1.2,0.14856,Incongruent,1.0
sub-001,Baseline,Ebbinghaus,1,27.0,Ebbinghaus_-0.3000_0.14856,680.0,29.0,-28.0,left,1,-0.3,0.14856,Congruent,1.0
sub-001,Baseline,Ebbinghaus,1,28.0,Ebbinghaus_0.60000_-0.14856,754.0,-2.0,0.0,right,1,0.6,0.14856,Incongruent,-1.0
sub-001,Baseline,Ebbinghaus,1,29.0,Ebbinghaus_-0.3000_-0.41515,698.0,8.0,10.0,right,1,-0.3,0.41515,Congruent,-1.0
sub-001,Baseline,Ebbinghaus,1,30.0,Ebbinghaus_1.50000_-0.14856,696.0,20.0,-4.0,left,0,1.5,0.14856,Incongruent,-1.0
sub-001,Baseline,Ebbinghaus,1,31.0,Ebbinghaus_0.90000_-0.2687,961.0,9.0,-11.0,right,1,0.9,0.2687,Incongruent,-1.0
sub-001,Baseline,Ebbinghaus,1,32.0,Ebbinghaus_-1.2000_0.26870,917.0,-8.0,28.0,left,1,-1.2,0.2687,Congruent,1.0
sub-001,Baseline,Ebbinghaus,1,33.0,Ebbinghaus_-1.2000_0.14856,822.0,9.0,13.0,left,1,-1.2,0.14856,Congruent,1.0
sub-001,Baseline,Ebbinghaus,1,34.0,Ebbinghaus_1.50000_0.41515,882.0,-22.0,14.0,left,1,1.5,0.41515,Incongruent,1.0
sub-001,Baseline,Ebbinghaus,1,35.0,Ebbinghaus_1.50000_-0.41515,756.0,7.0,12.0,right,1,1.5,0.41515,Incongruent,-1.0
sub-001,Baseline,Ebbinghaus,1,36.0,Ebbinghaus_0.60000_0.41515,520.0,-28.0,22.0,left,1,0.6,0.41515,Incongruent,1.0
sub-001,Baseline,Ebbinghaus,1,37.0,Ebbinghaus_1.20000_-0.41515,550.0,-29.0,45.0,right,1,1.2,0.41515,Incongruent,-1.0
sub-001,Baseline,Ebbinghaus,1,38.0,Ebbinghaus_0.30000_0.41515,700.0,8.0,21.0,left,1,0.3,0.41515,Incongruent,1.0
sub-001,Baseline,Ebbinghaus,1,39.0,Ebbinghaus_1.50000_0.26870,590.0,-8.0,-19.0,right,0,1.5,0.2687,Incongruent,1.0
sub-001,Baseline,Ebbinghaus,1,40.0,Ebbinghaus_-1.2000_-0.41515,935.0,4.0,-7.0,right,1,-1.2,0.41515,Congruent,-1.0
sub-001,Baseline,Ebbinghaus,1,41.0,Ebbinghaus_1.50000_-0.2687,769.0,24.0,7.0,left,0,1.5,0.2687,Incongruent,-1.0
sub-001,Baseline,Ebbinghaus,1,42.0,Ebbinghaus_1.20000_-0.2687,944.0,-3.0,3.0,right,1,1.2,0.2687,Incongruent,-1.0
sub-001,Baseline,Ebbinghaus,1,43.0,Ebbinghaus_-0.9000_0.14856,982.0,-17.0,30.0,left,1,-0.9,0.14856,Congruent,1.0
sub-001,Baseline,Ebbinghaus,1,44.0,Ebbinghaus_-1.5000_0.05000,690.0,-5.0,7.0,left,1,-1.5,0.05,Congruent,1.0
sub-001,Baseline,Ebbinghaus,1,45.0,Ebbinghaus_0.30000_-0.0500,522.0,-1.0,-30.0,left,0,0.3,0.05,Incongruent,-1.0
sub-001,Baseline,Ebbinghaus,1,46.0,Ebbinghaus_-0.9000_-0.0500,815.0,10.0,-21.0,right,1,-0.9,0.05,Congruent,-1.0
sub-001,Baseline,Ebbinghaus,1,47.0,Ebbinghaus_1.50000_0.14856,658.0,-9.0,-31.0,right,0,1.5,0.14856,Incongruent,1.0
sub-001,Baseline,Ebbinghaus,1,48.0,Ebbinghaus_0.60000_0.05000,558.0,-8.0,20.0,right,0,0.6,0.05,Incongruent,1.0
sub-001,Baseline,Ebbinghaus,1,49.0,Ebbinghaus_-1.5000_0.14856,894.0,39.0,-4.0,left,1,-1.5,0.14856,Congruent,1.0
sub-001,Baseline,Ebbinghaus,1,50.0,Ebbinghaus_0.90000_-0.41515,960.0,-14.0,-13.0,right,1,0.9,0.41515,Incongruent,-1.0
sub-001,Baseline,Ebbinghaus,1,51.0,Ebbinghaus_1.20000_-0.0500,718.0,24.0,-13.0,left,0,1.2,0.05,Incongruent,-1.0
sub-001,Baseline,Ebbinghaus,1,52.0,Ebbinghaus_-0.6000_0.41515,850.0,37.0,13.0,left,1,-0.6,0.41515,Congruent,1.0
sub-001,Baseline,Ebbinghaus,1,53.0,Ebbinghaus_-1.5000_-0.2687,982.0,-29.0,-9.0,right,1,-1.5,0.2687,Congruent,-1.0
sub-001,Baseline,Ebbinghaus,1,54.0,Ebbinghaus_-1.5000_-0.41515,715.0,3.0,1.0,right,1,-1.5,0.41515,Congruent,-1.0
sub-001,Baseline,Ebbinghaus,1,55.0,Ebbinghaus_0.30000_-0.14856,783.0,-18.0,21.0,left,0,0.3,0.14856,Incongruent,-1.0
sub-001,Baseline,Ebbinghaus,1,56.0,Ebbinghaus_-0.6000_-0.14856,752.0,-21.0,-20.0,right,1,-0.6,0.14856,Congruent,-1.0
sub-001,Baseline,Ebbinghaus,1,57.0,Ebbinghaus_-0.6000_-0.41515,980.0,-17.0,-4.0,right,1,-0.6,0.41515,Congruent,-1.0
sub-001,Baseline,Ebbinghaus,1,58.0,Ebbinghaus_-1.2000_-0.0500,594.0,14.0,34.0,right,1,-1.2,0.05,Congruent,-1.0
sub-001,Baseline,Ebbinghaus,1,59.0,Ebbinghaus_-0.6000_-0.0500,759.0,-10.0,-32.0,right,1,-0.6,0.05,Congruent,-1.0
sub-001,Baseline,Ebbinghaus,1,60.0,Ebbinghaus_-0.3000_-0.2687,536.0,-35.0,-41.0,right,1,-0.3,0.2687,Congruent,-1.0
sub-001,Baseline,Ebbinghaus,1,61.0,Ebbinghaus_0.90000_0.26870,641.0,42.0,-2.0,left,1,0.9,0.2687,Incongruent,1.0
sub-001,Baseline,Ebbinghaus,1,62.0,Ebbinghaus_-1.2000_-0.14856,577.0,21.0,0.0,right,1,-1.2,0.14856,Congruent,-1.0
sub-001,Baseline,Ebbinghaus,1,63.0,Ebbinghaus_0.60000_-0.0500,551.0,3.0,-38.0,left,0,0.6,0.05,Incongruent,-1.0
sub-001,Baseline,Ebbinghaus,1,64.0,Ebbinghaus_0.90000_0.41515,627.0,23.0,22.0,left,1,0.9,0.41515,Incongruent,1.0
sub-001,Baseline,Ebbinghaus,1,65.0,Ebbinghaus_0.30000_-0.2687,535.0,29.0,34.0,right,1,0.3,0.2687,Incongruent,-1.0
sub-001,Baseline,Ebbinghaus,1,66.0,Ebbinghaus_0.60000_-0.2687,657.0,13.0,30.0,right,1,0.6,0.2687,Incongruent,-1.0
sub-001,Baseline,Ebbinghaus,1,67.0,Ebbinghaus_1.20000_0.26870,536.0,-1.0,-32.0,left,1,1.2,0.2687,Incongruent,1.0
sub-001,Baseline,Ebbinghaus,1,68.0,Ebbinghaus_0.60000_-0.41515,940.0,9.0,-23.0,right,1,0.6,0.41515,Incongruent,-1.0
sub-001,Baseline,Ebbinghaus,1,69.0,Ebbinghaus_0.90000_0.14856,912.0,-39.0,-1.0,left,1,0.9,0.14856,Incongruent,1.0
sub-001,Baseline,Ebbinghaus,1,70.0,Ebbinghaus_-0.3000_0.05000,517.0,23.0,-1.0,left,1,-0.3,0.05,Congruent,1.0
sub-001,Baseline,Ebbinghaus,1,71.0,Ebbinghaus_1.50000_0.05000,702.0,-15.0,-6.0,right,0,1.5,0.05,Incongruent,1.0
sub-001,Baseline,Ebbinghaus,1,72.0,Ebbinghaus_0.90000_0.05000,890.0,1.0,10.0,right,0,0.9,0.05,Incongruent,1.0
sub-001,Baseline,Ebbinghaus,1,73.0,Ebbinghaus_0.30000_0.14856,683.0,42.0,27.0,right,0,0.3,0.14856,Incongruent,1.0
sub-001,Baseline,Ebbinghaus,1,74.0,Ebbinghaus_-0.6000_0.26870,948.0,-16.0,-1.0,left,1,-0.6,0.2687,Congruent,1.0
sub-001,Baseline,Ebbinghaus,1,75.0,Ebbinghaus_-0.6000_0.14856,550.0,-15.0,31.0,left,1,-0.6,0.14856,Congruent,1.0
sub-001,Baseline,Ebbinghaus,1,76.0,Ebbinghaus_-1.5000_-0.0500,692.0,-22.0,0.0,right,1,-1.5,0.05,Congruent,-1.0
sub-001,Baseline,Ebbinghaus,1,77.0,Ebbinghaus_-0.3000_0.26870,951.0,-1.0,0.0,left,1,-0.3,0.2687,Congruent,1.0
sub-001,Baseline,Ebbinghaus,1,78.0,Ebbinghaus_-0.3000_-0.0500,512.0,8.0,-14.0,right,1,-0.3,0.05,Congruent,-1.0
sub-001,Baseline,Ebbinghaus,1,79.0,Ebbinghaus_-1.5000_0.26870,751.0,-37.0,28.0,left,1,-1.5,0.2687,Congruent,1.0
sub-001,Baseline,Ebbinghaus,1,80.0,Ebbinghaus_-0.6000_0.05000,732.0,35.0,-20.0,left,1,-0.6,0.05,Congruent,1.0
sub-001,Baseline,VerticalHorizontal,1,1.0,VerticalHorizontal_-45.000_-0.16122,771.0,-22.0,26.0,right,1,-45.0,0.16122,Congruent,-1.0
sub-001,Baseline,VerticalHorizontal,1,2.0,VerticalHorizontal_-27.000_-0.24909,553.0,-11.0,-7.0,right,1,-27.0,0.24909,Congruent,-1.0
sub-001,Baseline,VerticalHorizontal,1,3.0,VerticalHorizontal_-27.000_0.03000,820.0,22.0,16.0,left,1,-27.0,0.03,Congruent,1.0
sub-001,Baseline,VerticalHorizontal,1,4.0,VerticalHorizontal_-36.000_0.08913,660.0,-20.0,30.0,left,1,-36.0,0.08913,Congruent,1.0
sub-001,Baseline,VerticalHorizontal,1,5.0,VerticalHorizontal_36.0000_0.03000,722.0,5.0,27.0,right,0,36.0,0.03,Incongruent,1.0
sub-001,Baseline,VerticalHorizontal,1,6.0,VerticalHorizontal_18.0000_0.08913,773.0,-27.0,-2.0,right,0,18.0,0.08913,Incongruent,1.0
sub-001,Baseline,VerticalHorizontal,1,7.0,VerticalHorizontal_-45.000_0.08913,667.0,-31.0,2.0,left,1,-45.0,0.08913,Congruent,1.0
sub-001,Baseline,VerticalHorizontal,1,8.0,VerticalHorizontal_27.0000_0.08913,619.0,9.0,21.0,right,0,27.0,0.08913,Incongruent,1.0
sub-001,Baseline,VerticalHorizontal,1,9.0,VerticalHorizontal_-36.000_0.03000,663.0,37.0,3.0,left,1,-36.0,0.03,Congruent,1.0
sub-001,Baseline,VerticalHorizontal,1,10.0,VerticalHorizontal_-27.000_-0.08913,529.0,9.0,14.0,right,1,-27.0,0.08913,Congruent,-1.0
sub-001,Baseline,VerticalHorizontal,1,11.0,VerticalHorizontal_45.0000_0.16122,826.0,16.0,-10.0,right,0,45.0,0.16122,Incongruent,1.0
sub-001,Baseline,VerticalHorizontal,1,12.0,VerticalHorizontal_36.0000_-0.24909,761.0,-2.0,-4.0,right,1,36.0,0.24909,Incongruent,-1.0
sub-001,Baseline,VerticalHorizontal,1,13.0,VerticalHorizontal_9.00000_0.16122,988.0,10.0,-18.0,left,1,9.0,0.16122,Incongruent,1.0
sub-001,Baseline,VerticalHorizontal,1,14.0,VerticalHorizontal_18.0000_-0.08913,554.0,-42.0,-15.0,right,1,18.0,0.08913,Incongruent,-1.0
sub-001,Baseline,VerticalHorizontal,1,15.0,VerticalHorizontal_36.0000_-0.0300,732.0,-21.0,32.0,right,1,36.0,0.03,Incongruent,-1.0
sub-001,Baseline,VerticalHorizontal,1,16.0,VerticalHorizontal_27.0000_-0.0300,769.0,1.0,-28.0,right,1,27.0,0.03,Incongruent,-1.0
sub-001,Baseline,VerticalHorizontal,1,17.0,VerticalHorizontal_45.0000_0.08913,813.0,-14.0,19.0,right,0,45.0,0.08913,Incongruent,1.0
sub-001,Baseline,VerticalHorizontal,1,18.0,VerticalHorizontal_-36.000_-0.24909,807.0,2.0,-34.0,right,1,-36.0,0.24909,Congruent,-1.0
sub-001,Baseline,VerticalHorizontal,1,19.0,VerticalHorizontal_-18.000_0.08913,652.0,-11.0,12.0,left,1,-18.0,0.08913,Congruent,1.0
sub-001,Baseline,VerticalHorizontal,1,20.0,VerticalHorizontal_36.0000_0.16122,532.0,-27.0,11.0,right,0,36.0,0.16122,Incongruent,1.0
sub-001,Baseline,VerticalHorizontal,1,21.0,VerticalHorizontal_-45.000_-0.0300,752.0,-6.0,-27.0,right,1,-45.0,0.03,Congruent,-1.0
sub-001,Baseline,VerticalHorizontal,1,22.0,VerticalHorizontal_18.0000_-0.16122,556.0,-6.0,-3.0,right,1,18.0,0.16122,Incongruent,-1.0
sub-001,Baseline,VerticalHorizontal,1,23.0,VerticalHorizontal_-36.000_-0.16122,534.0,-9.0,4.0,right,1,-36.0,0.16122,Congruent,-1.0
sub-001,Baseline,VerticalHorizontal,1,24.0,VerticalHorizontal_-45.000_0.03000,620.0,-31.0,-12.0,left,1,-45.0,0.03,Congruent,1.0
sub-001,Baseline,VerticalHorizontal,1,25.0,VerticalHorizontal_45.0000_0.24909,987.0,-28.0,-14.0,left,1,45.0,0.24909,Incongruent,1.0
sub-001,Baseline,VerticalHorizontal,1,26.0,VerticalHorizontal_45.0000_-0.16122,695.0,1.0,28.0,right,1,45.0,0.16122,Incongruent,-1.0
sub-001,Baseline,VerticalHorizontal,1,27.0,VerticalHorizontal_-45.000_0.16122,721.0,12.0,-3.0,left,1,-45.0,0.16122,Congruent,1.0
sub-001,Baseline,VerticalHorizontal,1,28.0,VerticalHorizontal_-27.000_0.08913,743.0,1.0,23.0,left,1,-27.0,0.08913,Congruent,1.0
sub-001,Baseline,VerticalHorizontal,1,29.0,VerticalHorizontal_-36.000_0.24909,506.0,22.0,0.0,left,1,-36.0,0.24909,Congruent,1.0
sub-001,Baseline,VerticalHorizontal,1,30.0,VerticalHorizontal_-18.000_-0.16122,807.0,35.0,6.0,right,1,-18.0,0.16122,Congruent,-1.0
sub-001,Baseline,VerticalHorizontal,1,31.0,VerticalHorizontal_18.0000_-0.24909,833.0,-5.0,34.0,right,1,18.0,0.24909,Incongruent,-1.0
sub-001,Baseline,VerticalHorizontal,1,32.0,VerticalHorizontal_9.00000_-0.24909,996.0,1.0,-8.0,right,1,9.0,0.24909,Incongruent,-1.0
sub-001,Baseline,VerticalHorizontal,1,33.0,VerticalHorizontal_45.0000_-0.0300,827.0,34.0,10.0,left,0,45.0,0.03,Incongruent,-1.0
sub-001,Baseline,VerticalHorizontal,1,34.0,VerticalHorizontal_9.00000_0.03000,514.0,6.0,-21.0,right,0,9.0,0.03,Incongruent,1.0
sub-001,Baseline,VerticalHorizontal,1,35.0,VerticalHorizontal_9.00000_0.08913,886.0,8.0,-2.0,right,0,9.0,0.08913,Incongruent,1.0
sub-001,Baseline,VerticalHorizontal,1,36.0,VerticalHorizontal_27.0000_-0.24909,575.0,-14.0,13.0,right,1,27.0,0.24909,Incongruent,-1.0
sub-001,Baseline,VerticalHorizontal,1,37.0,VerticalHorizontal_36.0000_-0.16122,692.0,-15.0,-12.0,right,1,36.0,0.16122,Incongruent,-1.0
sub-001,Baseline,VerticalHorizontal,1,38.0,VerticalHorizontal_18.0000_0.16122,826.0,-14.0,24.0,right,0,18.0,0.16122,Incongruent,1.0
sub-001,Baseline,VerticalHorizontal,1,39.0,VerticalHorizontal_18.0000_0.03000,739.0,21.0,0.0,right,0,18.0,0.03,Incongruent,1.0
sub-001,Baseline,VerticalHorizontal,1,40.0,VerticalHorizontal_-9.0000_-0.0300,976.0,4.0,9.0,right,1,-9.0,0.03,Congruent,-1.0
sub-001,Baseline,VerticalHorizontal,1,41.0,VerticalHorizontal_36.0000_-0.08913,809.0,28.0,-20.0,right,1,36.0,0.08913,Incongruent,-1.0
sub-001,Baseline,VerticalHorizontal,1,42.0,VerticalHorizontal_9.00000_-0.08913,938.0,10.0,47.0,right,1,9.0,0.08913,Incongruent,-1.0
sub-001,Baseline,VerticalHorizontal,1,43.0,VerticalHorizontal_-36.000_-0.08913,643.0,2.0,1.0,right,1,-36.0,0.08913,Congruent,-1.0
sub-001,Baseline,VerticalHorizontal,1,44.0,VerticalHorizontal_-9.0000_0.16122,916.0,8.0,-6.0,left,1,-9.0,0.16122,Congruent,1.0
sub-001,Baseline,VerticalHorizontal,1,45.0,VerticalHorizontal_27.0000_0.03000,793.0,-29.0,-7.0,right,0,27.0,0.03,Incongruent,1.0
sub-001,Baseline,VerticalHorizontal,1,46.0,VerticalHorizontal_-45.000_-0.24909,736.0,44.0,-32.0,right,1,-45.0,0.24909,Congruent,-1.0
sub-001,Baseline,VerticalHorizontal,1,47.0,VerticalHorizontal_-18.000_0.24909,773.0,4.0,28.0,left,1,-18.0,0.24909,Congruent,1.0
sub-001,Baseline,VerticalHorizontal,1,48.0,VerticalHorizontal_36.0000_0.24909,855.0,-18.0,-1.0,right,0,36.0,0.24909,Incongruent,1.0
sub-001,Baseline,VerticalHorizontal,1,49.0,VerticalHorizontal_-27.000_-0.0300,606.0,-18.0,-27.0,right,1,-27.0,0.03,Congruent,-1.0
sub-001,Baseline,VerticalHorizontal,1,50.0,VerticalHorizontal_-9.0000_-0.24909,934.0,-30.0,-3.0,right,1,-9.0,0.24909,Congruent,-1.0
sub-001,Baseline,VerticalHorizontal,1,51.0,VerticalHorizontal_45.0000_0.03000,809.0,5.0,-32.0,right,0,45.0,0.03,Incongruent,1.0
sub-001,Baseline,VerticalHorizontal,1,52.0,VerticalHorizontal_18.0000_-0.0300,555.0,2.0,-34.0,left,0,18.0,0.03,Incongruent,-1.0
sub-001,Baseline,VerticalHorizontal,1,53.0,VerticalHorizontal_-27.000_0.24909,537.0,17.0,-20.0,left,1,-27.0,0.24909,Congruent,1.0
sub-001,Baseline,VerticalHorizontal,1,54.0,VerticalHorizontal_9.00000_-0.16122,809.0,-8.0,5.0,right,1,9.0,0.16122,Incongruent,-1.0
sub-001,Baseline,VerticalHorizontal,1,55.0,VerticalHorizontal_-27.000_-0.16122,730.0,-28.0,2.0,right,1,-27.0,0.16122,Congruent,-1.0
sub-001,Baseline,VerticalHorizontal,1,56.0,VerticalHorizontal_-18.000_-0.24909,951.0,-4.0,10.0,right,1,-18.0,0.24909,Congruent,-1.0
sub-001,Baseline,VerticalHorizontal,1,57.0,VerticalHorizontal_-27.000_0.16122,879.0,-2.0,-7.0,left,1,-27.0,0.16122,Congruent,1.0
sub-001,Baseline,VerticalHorizontal,1,58.0,VerticalHorizontal_-45.000_-0.08913,626.0,24.0,-35.0,right,1,-45.0,0.08913,Congruent,-1.0
sub-001,Baseline,VerticalHorizontal,1,59.0,VerticalHorizontal_-9.0000_-0.16122,855.0,21.0,1.0,right,1,-9.0,0.16122,Congruent,-1.0
sub-001,Baseline,VerticalHorizontal,1,60.0,VerticalHorizontal_27.0000_0.24909,584.0,-10.0,-6.0,left,1,27.0,0.24909,Incongruent,1.0
sub-001,Baseline,VerticalHorizontal,1,61.0,VerticalHorizontal_-9.0000_0.03000,865.0,-1.0,-37.0,right,0,-9.0,0.03,Congruent,1.0
sub-001,Baseline,VerticalHorizontal,1,62.0,VerticalHorizontal_-18.000_-0.08913,599.0,7.0,-17.0,right,1,-18.0,0.08913,Congruent,-1.0
sub-001,Baseline,VerticalHorizontal,1,63.0,VerticalHorizontal_9.00000_-0.0300,896.0,-13.0,27.0,right,1,9.0,0.03,Incongruent,-1.0
sub-001,Baseline,VerticalHorizontal,1,64.0,VerticalHorizontal_-9.0000_0.24909,612.0,1.0,1.0,left,1,-9.0,0.24909,Congruent,1.0
sub-001,Baseline,VerticalHorizontal,1,65.0,VerticalHorizontal_45.0000_-0.08913,939.0,4.0,4.0,left,0,45.0,0.08913,Incongruent,-1.0
sub-001,Baseline,VerticalHorizontal,1,66.0,VerticalHorizontal_-18.000_0.16122,803.0,-19.0,25.0,left,1,-18.0,0.16122,Congruent,1.0
sub-001,Baseline,VerticalHorizontal,1,67.0,VerticalHorizontal_-9.0000_0.08913,692.0,6.0,-5.0,left,1,-9.0,0.08913,Congruent,1.0
sub-001,Baseline,VerticalHorizontal,1,68.0,VerticalHorizontal_36.0000_0.08913,896.0,-47.0,4.0,right,0,36.0,0.08913,Incongruent,1.0
sub-001,Baseline,VerticalHorizontal,1,69.0,VerticalHorizontal_18.0000_0.24909,662.0,21.0,-5.0,left,1,18.0,0.24909,Incongruent,1.0
sub-001,Baseline,VerticalHorizontal,1,70.0,VerticalHorizontal_45.0000_-0.24909,554.0,-3.0,4.0,right,1,45.0,0.24909,Incongruent,-1.0
sub-001,Baseline,VerticalHorizontal,1,71.0,VerticalHorizontal_9.00000_0.24909,648.0,-6.0,39.0,left,1,9.0,0.24909,Incongruent,1.0
sub-001,Baseline,VerticalHorizontal,1,72.0,VerticalHorizontal_-36.000_0.16122,726.0,9.0,3.0,left,1,-36.0,0.16122,Congruent,1.0
sub-001,Baseline,VerticalHorizontal,1,73.0,VerticalHorizontal_-45.000_0.24909,526.0,-37.0,-18.0,left,1,-45.0,0.24909,Congruent,1.0
sub-001,Baseline,VerticalHorizontal,1,74.0,VerticalHorizontal_27.0000_0.16122,907.0,-20.0,9.0,right,0,27.0,0.16122,Incongruent,1.0
sub-001,Baseline,VerticalHorizontal,1,75.0,VerticalHorizontal_-9.0000_-0.08913,967.0,-2.0,8.0,right,1,-9.0,0.08913,Congruent,-1.0
sub-001,Baseline,VerticalHorizontal,1,76.0,VerticalHorizontal_-18.000_-0.0300,839.0,-6.0,43.0,right,1,-18.0,0.03,Congruent,-1.0
sub-001,Baseline,VerticalHorizontal,1,77.0,VerticalHorizontal_-18.000_0.03000,512.0,-13.0,-2.0,left,1,-18.0,0.03,Congruent,1.0
sub-001,Baseline,VerticalHorizontal,1,78.0,VerticalHorizontal_-36.000_-0.0300,558.0,19.0,-23.0,right,1,-36.0,0.03,Congruent,-1.0
sub-001,Baseline,VerticalHorizontal,1,79.0,VerticalHorizontal_27.0000_-0.08913,886.0,12.0,36.0,right,1,27.0,0.08913,Incongruent,-1.0
sub-001,Baseline,VerticalHorizontal,1,80.0,VerticalHorizontal_27.0000_-0.16122,931.0,-36.0,-16.0,right,1,27.0,0.16122,Incongruent,-1.0
sub-001,Baseline,MullerLyer,2,1.0,MullerLyer_-27.000_0.45000,867.0,22.0,21.0,up,1,-27.0,0.45,Congruent,1.0
sub-001,Baseline,MullerLyer,2,2.0,MullerLyer_-3.0000_0.45000,629.0,-17.0,-8.0,up,1,-3.0,0.45,Congruent,1.0
sub-001,Baseline,MullerLyer,2,3.0,MullerLyer_21.0000_-0.18509,734.0,0.0,10.0,up,0,21.0,0.18509,Incongruent,-1.0
sub-001,Baseline,MullerLyer,2,4.0,MullerLyer_15.0000_-0.08716,850.0,15.0,6.0,up,0,15.0,0.08716,Incongruent,-1.0
sub-001,Baseline,MullerLyer,2,5.0,MullerLyer_15.0000_-0.18509,773.0,8.0,-24.0,up,0,15.0,0.18509,Incongruent,-1.0
sub-001,Baseline,MullerLyer,2,6.0,MullerLyer_21.0000_-0.30447,773.0,-15.0,-5.0,up,0,21.0,0.30447,Incongruent,-1.0
sub-001,Baseline,MullerLyer,2,7.0,MullerLyer_3.00000_0.30447,902.0,17.0,-21.0,up,1,3.0,0.30447,Incongruent,1.0
sub-001,Baseline,MullerLyer,2,8.0,MullerLyer_27.0000_0.08716,604.0,1.0,22.0,down,0,27.0,0.08716,Incongruent,1.0
sub-001,Baseline,MullerLyer,2,9.0,MullerLyer_-21.000_-0.4500,592.0,12.0,18.0,down,1,-21.0,0.45,Congruent,-1.0
sub-001,Baseline,MullerLyer,2,10.0,MullerLyer_3.00000_-0.08716,992.0,16.0,9.0,up,0,3.0,0.08716,Incongruent,-1.0
sub-001,Baseline,MullerLyer,2,11.0,MullerLyer_-27.000_0.08716,608.0,18.0,21.0,up,1,-27.0,0.08716,Congruent,1.0
sub-001,Baseline,MullerLyer,2,12.0,MullerLyer_27.0000_-0.4500,972.0,-26.0,-3.0,down,1,27.0,0.45,Incongruent,-1.0
sub-001,Baseline,MullerLyer,2,13.0,MullerLyer_-21.000_0.18509,525.0,-4.0,32.0,up,1,-21.0,0.18509,Congruent,1.0
sub-001,Baseline,MullerLyer,2,14.0,MullerLyer_-27.000_-0.4500,712.0,8.0,-3.0,down,1,-27.0,0.45,Congruent,-1.0
sub-001,Baseline,MullerLyer,2,15.0,MullerLyer_3.00000_0.08716,646.0,37.0,-18.0,up,1,3.0,0.08716,Incongruent,1.0
sub-001,Baseline,MullerLyer,2,16.0,MullerLyer_-9.0000_-0.4500,628.0,8.0,-39.0,down,1,-9.0,0.45,Congruent,-1.0
sub-001,Baseline,MullerLyer,2,17.0,MullerLyer_-9.0000_-0.30447,846.0,2.0,3.0,down,1,-9.0,0.30447,Congruent,-1.0
sub-001,Baseline,MullerLyer,2,18.0,MullerLyer_9.00000_0.18509,521.0,-9.0,-1.0,up,1,9.0,0.18509,Incongruent,1.0
sub-001,Baseline,MullerLyer,2,19.0,MullerLyer_21.0000_-0.08716,642.0,-13.0,-43.0,up,0,21.0,0.08716,Incongruent,-1.0
sub-001,Baseline,MullerLyer,2,20.0,MullerLyer_21.0000_0.30447,581.0,-17.0,25.0,up,1,21.0,0.30447,Incongruent,1.0
sub-001,Baseline,MullerLyer,2,21.0,MullerLyer_9.00000_0.45000,678.0,-1.0,27.0,up,1,9.0,0.45,Incongruent,1.0
sub-001,Baseline,MullerLyer,2,22.0,MullerLyer_21.0000_0.18509,623.0,21.0,-5.0,down,0,21.0,0.18509,Incongruent,1.0
sub-001,Baseline,MullerLyer,2,23.0,MullerLyer_27.0000_-0.18509,898.0,-13.0,-5.0,up,0,27.0,0.18509,Incongruent,-1.0
sub-001,Baseline,MullerLyer,2,24.0,MullerLyer_9.00000_-0.08716,529.0,33.0,-36.0,up,0,9.0,0.08716,Incongruent,-1.0
sub-001,Baseline,MullerLyer,2,25.0,MullerLyer_-9.0000_0.45000,760.0,-26.0,2.0,up,1,-9.0,0.45,Congruent,1.0
sub-001,Baseline,MullerLyer,2,26.0,MullerLyer_-15.000_0.30447,833.0,3.0,-9.0,up,1,-15.0,0.30447,Congruent,1.0
sub-001,Baseline,MullerLyer,2,27.0,MullerLyer_-21.000_-0.08716,910.0,22.0,7.0,down,1,-21.0,0.08716,Congruent,-1.0
sub-001,Baseline,MullerLyer,2,28.0,MullerLyer_3.00000_-0.4500,847.0,-6.0,25.0,down,1,3.0,0.45,Incongruent,-1.0
sub-001,Baseline,MullerLyer,2,29.0,MullerLyer_-3.0000_0.18509,854.0,39.0,3.0,up,1,-3.0,0.18509,Congruent,1.0
sub-001,Baseline,MullerLyer,2,30.0,MullerLyer_9.00000_-0.30447,856.0,0.0,-24.0,down,1,9.0,0.30447,Incongruent,-1.0
sub-001,Baseline,MullerLyer,2,31.0,MullerLyer_-3.0000_-0.4500,667.0,6.0,-8.0,down,1,-3.0,0.45,Congruent,-1.0
sub-001,Baseline,MullerLyer,2,32.0,MullerLyer_15.0000_0.45000,816.0,-18.0,-10.0,up,1,15.0,0.45,Incongruent,1.0
sub-001,Baseline,MullerLyer,2,33.0,MullerLyer_15.0000_0.08716,869.0,6.0,-29.0,down,0,15.0,0.08716,Incongruent,1.0
sub-001,Baseline,MullerLyer,2,34.0,MullerLyer_-9.0000_-0.18509,965.0,-23.0,6.0,down,1,-9.0,0.18509,Congruent,-1.0
sub-001,Baseline,MullerLyer,2,35.0,MullerLyer_-3.0000_-0.30447,551.0,26.0,-24.0,down,1,-3.0,0.30447,Congruent,-1.0
sub-001,Baseline,MullerLyer,2,36.0,MullerLyer_3.00000_-0.30447,823.0,-7.0,-1.0,down,1,3.0,0.30447,Incongruent,-1.0
sub-001,Baseline,MullerLyer,2,37.0,MullerLyer_-21.000_0.45000,529.0,-24.0,15.0,up,1,-21.0,0.45,Congruent,1.0
sub-001,Baseline,MullerLyer,2,38.0,MullerLyer_-9.0000_0.08716,870.0,-25.0,11.0,up,1,-9.0,0.08716,Congruent,1.0
sub-001,Baseline,MullerLyer,2,39.0,MullerLyer_9.00000_-0.18509,961.0,43.0,14.0,down,1,9.0,0.18509,Incongruent,-1.0
sub-001,Baseline,MullerLyer,2,40.0,MullerLyer_-9.0000_0.18509,773.0,2.0,11.0,up,1,-9.0,0.18509,Congruent,1.0
sub-001,Baseline,MullerLyer,2,41.0,MullerLyer_27.0000_-0.08716,814.0,9.0,-24.0,up,0,27.0,0.08716,Incongruent,-1.0
sub-001,Baseline,MullerLyer,2,42.0,MullerLyer_-21.000_-0.18509,911.0,37.0,-4.0,down,1,-21.0,0.18509,Congruent,-1.0
sub-001,Baseline,MullerLyer,2,43.0,MullerLyer_9.00000_0.08716,998.0,-19.0,8.0,up,1,9.0,0.08716,Incongruent,1.0
sub-001,Baseline,MullerLyer,2,44.0,MullerLyer_-15.000_-0.4500,605.0,16.0,4.0,down,1,-15.0,0.45,Congruent,-1.0
sub-001,Baseline,MullerLyer,2,45.0,MullerLyer_-15.000_0.18509,791.0,4.0,-23.0,up,1,-15.0,0.18509,Congruent,1.0
sub-001,Baseline,MullerLyer,2,46.0,MullerLyer_15.0000_-0.30447,512.0,0.0,29.0,down,1,15.0,0.30447,Incongruent,-1.0
sub-001,Baseline,MullerLyer,2,47.0,MullerLyer_-15.000_0.45000,506.0,5.0,40.0,up,1,-15.0,0.45,Congruent,1.0
sub-001,Baseline,MullerLyer,2,48.0,MullerLyer_-3.0000_0.08716,687.0,-1.0,-2.0,up,1,-3.0,0.08716,Congruent,1.0
sub-001,Baseline,MullerLyer,2,49.0,MullerLyer_-21.000_-0.30447,686.0,13.0,6.0,down,1,-21.0,0.30447,Congruent,-1.0
sub-001,Baseline,MullerLyer,2,50.0,MullerLyer_-27.000_0.30447,542.0,7.0,-17.0,up,1,-27.0,0.30447,Congruent,1.0
sub-001,Baseline,MullerLyer,2,51.0,MullerLyer_21.0000_-0.4500,926.0,8.0,-6.0,down,1,21.0,0.45,Incongruent,-1.0
sub-001,Baseline,MullerLyer,2,52.0,MullerLyer_-15.000_-0.08716,842.0,14.0,5.0,down,1,-15.0,0.08716,Congruent,-1.0
sub-001,Baseline,MullerLyer,2,53.0,MullerLyer_-15.000_-0.18509,591.0,26.0,-5.0,down,1,-15.0,0.18509,Congruent,-1.0
sub-001,Baseline,MullerLyer,2,54.0,MullerLyer_-21.000_0.08716,855.0,11.0,22.0,up,1,-21.0,0.08716,Congruent,1.0
sub-001,Baseline,MullerLyer,2,55.0,MullerLyer_-3.0000_0.30447,634.0,9.0,-6.0,up,1,-3.0,0.30447,Congruent,1.0
sub-001,Baseline,MullerLyer,2,56.0,MullerLyer_15.0000_0.30447,744.0,17.0,7.0,up,1,15.0,0.30447,Incongruent,1.0
sub-001,Baseline,MullerLyer,2,57.0,MullerLyer_27.0000_-0.30447,620.0,35.0,-3.0,down,1,27.0,0.30447,Incongruent,-1.0
sub-001,Baseline,MullerLyer,2,58.0,MullerLyer_-21.000_0.30447,543.0,4.0,-29.0,up,1,-21.0,0.30447,Congruent,1.0
sub-001,Baseline,MullerLyer,2,59.0,MullerLyer_-15.000_-0.30447,711.0,12.0,-23.0,down,1,-15.0,0.30447,Congruent,-1.0
sub-001,Baseline,MullerLyer,2,60.0,MullerLyer_-9.0000_-0.08716,704.0,13.0,5.0,down,1,-9.0,0.08716,Congruent,-1.0
sub-001,Baseline,MullerLyer,2,61.0,MullerLyer_15.0000_0.18509,970.0,-20.0,-1.0,down,0,15.0,0.18509,Incongruent,1.0
sub-001,Baseline,MullerLyer,2,62.0,MullerLyer_9.00000_0.30447,556.0,7.0,-2.0,up,1,9.0,0.30447,Incongruent,1.0
sub-001,Baseline,MullerLyer,2,63.0,MullerLyer_-3.0000_-0.08716,582.0,-9.0,-3.0,down,1,-3.0,0.08716,Congruent,-1.0
sub-001,Baseline,MullerLyer,2,64.0,MullerLyer_-15.000_0.08716,961.0,24.0,-13.0,up,1,-15.0,0.08716,Congruent,1.0
sub-001,Baseline,MullerLyer,2,65.0,MullerLyer_-27.000_-0.08716,501.0,-4.0,29.0,down,1,-27.0,0.08716,Congruent,-1.0
sub-001,Baseline,MullerLyer,2,66.0,MullerLyer_27.0000_0.18509,845.0,-6.0,35.0,down,0,27.0,0.18509,Incongruent,1.0
sub-001,Baseline,MullerLyer,2,67.0,MullerLyer_-27.000_0.18509,854.0,-13.0,0.0,up,1,-27.0,0.18509,Congruent,1.0
sub-001,Baseline,MullerLyer,2,68.0,MullerLyer_27.0000_0.45000,771.0,36.0,0.0,up,1,27.0,0.45,Incongruent,1.0
sub-001,Baseline,MullerLyer,2,69.0,MullerLyer_3.00000_0.18509,910.0,-23.0,-12.0,up,1,3.0,0.18509,Incongruent,1.0
sub-001,Baseline,MullerLyer,2,70.0,MullerLyer_21.0000_0.45000,606.0,6.0,5.0,up,1,21.0,0.45,Incongruent,1.0
sub-001,Baseline,MullerLyer,2,71.0,MullerLyer_15.0000_-0.4500,592.0,-11.0,35.0,down,1,15.0,0.45,Incongruent,-1.0
sub-001,Baseline,MullerLyer,2,72.0,MullerLyer_-27.000_-0.18509,705.0,17.0,19.0,down,1,-27.0,0.18509,Congruent,-1.0
sub-001,Baseline,MullerLyer,2,73.0,MullerLyer_-3.0000_-0.18509,504.0,24.0,-2.0,down,1,-3.0,0.18509,Congruent,-1.0
sub-001,Baseline,MullerLyer,2,74.0,MullerLyer_21.0000_0.08716,542.0,-35.0,-40.0,down,0,21.0,0.08716,Incongruent,1.0
sub-001,Baseline,MullerLyer,2,75.0,MullerLyer_3.00000_-0.18509,824.0,17.0,13.0,down,1,3.0,0.18509,Incongruent,-1.0
sub-001,Baseline,MullerLyer,2,76.0,MullerLyer_9.00000_-0.4500,730.0,18.0,21.0,down,1,9.0,0.45,Incongruent,-1.0
sub-001,Baseline,MullerLyer,2,77.0,MullerLyer_3.00000_0.45000,538.0,0.0,29.0,up,1,3.0,0.45,Incongruent,1.0
sub-001,Baseline,MullerLyer,2,78.0,MullerLyer_27.0000_0.30447,988.0,-11.0,-5.0,up,1,27.0,0.30447,Incongruent,1.0
sub-001,Baseline,MullerLyer,2,79.0,MullerLyer_-27.000_-0.30447,918.0,19.0,-9.0,down,1,-27.0,0.30447,Congruent,-1.0
sub-001,Baseline,MullerLyer,2,80.0,MullerLyer_-9.0000_0.30447,765.0,-20.0,7.0,up,1,-9.0,0.30447,Congruent,1.0
sub-001,Baseline,Ebbinghaus,2,1.0,Ebbinghaus_0.75000_-0.5000,633.0,15.0,-4.0,right,1,0.75,0.5,Incongruent,-1.0
sub-001,Baseline,Ebbinghaus,2,2.0,Ebbinghaus_0.45000_-0.09684,656.0,42.0,-19.0,left,0,0.45,0.09684,Incongruent,-1.0
sub-001,Baseline,Ebbinghaus,2,3.0,Ebbinghaus_1.05000_0.33830,568.0,17.0,0.0,left,1,1.05,0.3383,Incongruent,1.0
sub-001,Baseline,Ebbinghaus,2,4.0,Ebbinghaus_1.05000_0.50000,684.0,35.0,19.0,left,1,1.05,0.5,Incongruent,1.0
sub-001,Baseline,Ebbinghaus,2,5.0,Ebbinghaus_1.05000_0.20566,834.0,-20.0,6.0,right,0,1.05,0.20566,Incongruent,1.0
sub-001,Baseline,Ebbinghaus,2,6.0,Ebbinghaus_0.45000_-0.3383,511.0,-24.0,-27.0,right,1,0.45,0.3383,Incongruent,-1.0
sub-001,Baseline,Ebbinghaus,2,7.0,Ebbinghaus_-1.3500_0.09684,824.0,-3.0,-27.0,left,1,-1.35,0.09684,Congruent,1.0
sub-001,Baseline,Ebbinghaus,2,8.0,Ebbinghaus_1.05000_0.09684,711.0,4.0,-12.0,right,0,1.05,0.09684,Incongruent,1.0
sub-001,Baseline,Ebbinghaus,2,9.0,Ebbinghaus_-1.3500_0.20566,574.0,26.0,0.0,left,1,-1.35,0.20566,Congruent,1.0
sub-001,Baseline,Ebbinghaus,2,10.0,Ebbinghaus_-0.4500_-0.09684,514.0,7.0,1.0,right,1,-0.45,0.09684,Congruent,-1.0
sub-001,Baseline,Ebbinghaus,2,11.0,Ebbinghaus_-0.4500_-0.3383,590.0,18.0,13.0,right,1,-0.45,0.3383,Congruent,-1.0
sub-001,Baseline,Ebbinghaus,2,12.0,Ebbinghaus_-0.1500_0.09684,871.0,6.0,-11.0,left,1,-0.15,0.09684,Congruent,1.0
sub-001,Baseline,Ebbinghaus,2,13.0,Ebbinghaus_-1.0500_-0.3383,632.0,25.0,-25.0,right,1,-1.05,0.3383,Congruent,-1.0
sub-001,Baseline,Ebbinghaus,2,14.0,Ebbinghaus_1.05000_-0.09684,953.0,0.0,-43.0,left,0,1.05,0.09684,Incongruent,-1.0
sub-001,Baseline,Ebbinghaus,2,15.0,Ebbinghaus_-0.7500_-0.5000,822.0,9.0,28.0,right,1,-0.75,0.5,Congruent,-1.0
sub-001,Baseline,Ebbinghaus,2,16.0,Ebbinghaus_1.35000_0.50000,951.0,0.0,18.0,left,1,1.35,0.5,Incongruent,1.0
sub-001,Baseline,Ebbinghaus,2,17.0,Ebbinghaus_-1.0500_-0.5000,880.0,-8.0,-26.0,right,1,-1.05,0.5,Congruent,-1.0
sub-001,Baseline,Ebbinghaus,2,18.0,Ebbinghaus_-0.7500_0.20566,993.0,-21.0,23.0,left,1,-0.75,0.20566,Congruent,1.0
sub-001,Baseline,Ebbinghaus,2,19.0,Ebbinghaus_-1.0500_0.33830,913.0,-6.0,-2.0,left,1,-1.05,0.3383,Congruent,1.0
sub-001,Baseline,Ebbinghaus,2,20.0,Ebbinghaus_0.15000_-0.20566,601.0,29.0,-22.0,right,1,0.15,0.20566,Incongruent,-1.0
sub-001,Baseline,Ebbinghaus,2,21.0,Ebbinghaus_-1.0500_0.09684,822.0,32.0,-5.0,left,1,-1.05,0.09684,Congruent,1.0
sub-001,Baseline,Ebbinghaus,2,22.0,Ebbinghaus_-0.1500_-0.5000,508.0,-17.0,9.0,right,1,-0.15,0.5,Congruent,-1.0
sub-001,Baseline,Ebbinghaus,2,23.0,Ebbinghaus_-0.4500_-0.5000,635.0,-30.0,-10.0,right,1,-0.45,0.5,Congruent,-1.0
sub-001,Baseline,Ebbinghaus,2,24.0,Ebbinghaus_0.45000_-0.20566,539.0,-35.0,9.0,left,0,0.45,0.20566,Incongruent,-1.0
sub-001,Baseline,Ebbinghaus,2,25.0,Ebbinghaus_-0.7500_-0.20566,964.0,29.0,-17.0,right,1,-0.75,0.20566,Congruent,-1.0
sub-001,Baseline,Ebbinghaus,2,26.0,Ebbinghaus_-0.1500_-0.09684,828.0,-35.0,9.0,right,1,-0.15,0.09684,Congruent,-1.0
sub-001,Baseline,Ebbinghaus,2,27.0,Ebbinghaus_1.35000_-0.3383,535.0,-15.0,-36.0,right,1,1.35,0.3383,Incongruent,-1.0
sub-001,Baseline,Ebbinghaus,2,28.0,Ebbinghaus_1.05000_-0.3383,857.0,-8.0,-20.0,right,1,1.05,0.3383,Incongruent,-1.0
sub-001,Baseline,Ebbinghaus,2,29.0,Ebbinghaus_1.35000_0.33830,719.0,12.0,10.0,right,0,1.35,0.3383,Incongruent,1.0
sub-001,Baseline,Ebbinghaus,2,30.0,Ebbinghaus_0.75000_-0.09684,745.0,-25.0,-30.0,left,0,0.75,0.09684,Incongruent,-1.0
sub-001,Baseline,Ebbinghaus,2,31.0,Ebbinghaus_-1.0500_0.50000,838.0,23.0,26.0,left,1,-1.05,0.5,Congruent,1.0
sub-001,Baseline,Ebbinghaus,2,32.0,Ebbinghaus_0.75000_0.09684,544.0,-16.0,43.0,right,0,0.75,0.09684,Incongruent,1.0
sub-001,Baseline,Ebbinghaus,2,33.0,Ebbinghaus_0.45000_-0.5000,574.0,-19.0,-30.0,right,1,0.45,0.5,Incongruent,-1.0
sub-001,Baseline,Ebbinghaus,2,34.0,Ebbinghaus_-0.1500_0.33830,782.0,-5.0,-3.0,left,1,-0.15,0.3383,Congruent,1.0
sub-001,Baseline,Ebbinghaus,2,35.0,Ebbinghaus_-0.4500_0.33830,697.0,28.0,-8.0,left,1,-0.45,0.3383,Congruent,1.0
sub-001,Baseline,Ebbinghaus,2,36.0,Ebbinghaus_0.15000_0.09684,778.0,-4.0,-31.0,right,0,0.15,0.09684,Incongruent,1.0
sub-001,Baseline,Ebbinghaus,2,37.0,Ebbinghaus_-1.0500_-0.20566,743.0,6.0,13.0,right,1,-1.05,0.20566,Congruent,-1.0
sub-001,Baseline,Ebbinghaus,2,38.0,Ebbinghaus_-0.7500_0.09684,554.0,-33.0,-33.0,left,1,-0.75,0.09684,Congruent,1.0
sub-001,Baseline,Ebbinghaus,2,39.0,Ebbinghaus_1.35000_-0.5000,966.0,33.0,5.0,right,1,1.35,0.5,Incongruent,-1.0
sub-001,Baseline,Ebbinghaus,2,40.0,Ebbinghaus_1.35000_-0.09684,938.0,-31.0,-19.0,left,0,1.35,0.09684,Incongruent,-1.0
sub-001,Baseline,Ebbinghaus,2,41.0,Ebbinghaus_-0.7500_0.33830,655.0,12.0,0.0,left,1,-0.75,0.3383,Congruent,1.0
sub-001,Baseline,Ebbinghaus,2,42.0,Ebbinghaus_-0.1500_-0.20566,832.0,-22.0,-26.0,right,1,-0.15,0.20566,Congruent,-1.0
sub-001,Baseline,Ebbinghaus,2,43.0,Ebbinghaus_1.05000_-0.20566,900.0,-14.0,42.0,right,1,1.05,0.20566,Incongruent,-1.0
sub-001,Baseline,Ebbinghaus,2,44.0,Ebbinghaus_0.75000_-0.3383,648.0,20.0,20.0,right,1,0.75,0.3383,Incongruent,-1.0
sub-001,Baseline,Ebbinghaus,2,45.0,Ebbinghaus_-0.1500_-0.3383,633.0,-15.0,44.0,right,1,-0.15,0.3383,Congruent,-1.0
sub-001,Baseline,Ebbinghaus,2,46.0,Ebbinghaus_0.45000_0.09684,634.0,-33.0,12.0,left,1,0.45,0.09684,Incongruent,1.0
sub-001,Baseline,Ebbinghaus,2,47.0,Ebbinghaus_0.15000_0.50000,796.0,15.0,9.0,left,1,0.15,0.5,Incongruent,1.0
sub-001,Baseline,Ebbinghaus,2,48.0,Ebbinghaus_-0.7500_-0.09684,945.0,-33.0,-27.0,right,1,-0.75,0.09684,Congruent,-1.0
sub-001,Baseline,Ebbinghaus,2,49.0,Ebbinghaus_0.15000_-0.09684,507.0,22.0,3.0,right,1,0.15,0.09684,Incongruent,-1.0
sub-001,Baseline,Ebbinghaus,2,50.0,Ebbinghaus_1.35000_0.09684,780.0,9.0,42.0,right,0,1.35,0.09684,Incongruent,1.0
sub-001,Baseline,Ebbinghaus,2,51.0,Ebbinghaus_1.35000_-0.20566,728.0,-18.0,-13.0,left,0,1.35,0.20566,Incongruent,-1.0
sub-001,Baseline,Ebbinghaus,2,52.0,Ebbinghaus_0.75000_0.20566,667.0,18.0,-1.0,left,1,0.75,0.20566,Incongruent,1.0
sub-001,Baseline,Ebbinghaus,2,53.0,Ebbinghaus_1.05000_-0.5000,862.0,-12.0,18.0,right,1,1.05,0.5,Incongruent,-1.0
sub-001,Baseline,Ebbinghaus,2,54.0,Ebbinghaus_-1.3500_0.50000,816.0,-32.0,10.0,left,1,-1.35,0.5,Congruent,1.0
sub-001,Baseline,Ebbinghaus,2,55.0,Ebbinghaus_-0.4500_0.50000,514.0,15.0,11.0,left,1,-0.45,0.5,Congruent,1.0
sub-001,Baseline,Ebbinghaus,2,56.0,Ebbinghaus_-1.0500_0.20566,869.0,-11.0,11.0,left,1,-1.05,0.20566,Congruent,1.0
sub-001,Baseline,Ebbinghaus,2,57.0,Ebbinghaus_-0.1500_0.20566,710.0,-1.0,5.0,left,1,-0.15,0.20566,Congruent,1.0
sub-001,Baseline,Ebbinghaus,2,58.0,Ebbinghaus_-0.1500_0.50000,538.0,-19.0,-27.0,left,1,-0.15,0.5,Congruent,1.0
sub-001,Baseline,Ebbinghaus,2,59.0,Ebbinghaus_1.35000_0.20566,576.0,-36.0,14.0,right,0,1.35,0.20566,Incongruent,1.0
sub-001,Baseline,Ebbinghaus,2,60.0,Ebbinghaus_0.75000_0.33830,623.0,-7.0,20.0,left,1,0.75,0.3383,Incongruent,1.0
sub-001,Baseline,Ebbinghaus,2,61.0,Ebbinghaus_-1.0500_-0.09684,694.0,16.0,25.0,right,1,-1.05,0.09684,Congruent,-1.0
sub-001,Baseline,Ebbinghaus,2,62.0,Ebbinghaus_-1.3500_0.33830,721.0,-23.0,-17.0,left,1,-1.35,0.3383,Congruent,1.0
sub-001,Baseline,Ebbinghaus,2,63.0,Ebbinghaus_-0.4500_0.09684,794.0,-36.0,11.0,left,1,-0.45,0.09684,Congruent,1.0
sub-001,Baseline,Ebbinghaus,2,64.0,Ebbinghaus_0.15000_0.20566,849.0,-3.0,-19.0,left,1,0.15,0.20566,Incongruent,1.0
sub-001,Baseline,Ebbinghaus,2,65.0,Ebbinghaus_0.75000_-0.20566,738.0,44.0,-29.0,right,1,0.75,0.20566,Incongruent,-1.0
sub-001,Baseline,Ebbinghaus,2,66.0,Ebbinghaus_0.15000_0.33830,872.0,-31.0,-20.0,left,1,0.15,0.3383,Incongruent,1.0
sub-001,Baseline,Ebbinghaus,2,67.0,Ebbinghaus_0.15000_-0.3383,973.0,12.0,29.0,right,1,0.15,0.3383,Incongruent,-1.0
sub-001,Baseline,Ebbinghaus,2,68.0,Ebbinghaus_-0.7500_0.50000,982.0,9.0,-8.0,left,1,-0.75,0.5,Congruent,1.0
sub-001,Baseline,Ebbinghaus,2,69.0,Ebbinghaus_-0.4500_0.20566,887.0,-23.0,-8.0,left,1,-0.45,0.20566,Congruent,1.0
sub-001,Baseline,Ebbinghaus,2,70.0,Ebbinghaus_-1.3500_-0.3383,565.0,36.0,15.0,right,1,-1.35,0.3383,Congruent,-1.0
sub-001,Baseline,Ebbinghaus,2,71.0,Ebbinghaus_-1.3500_-0.5000,572.0,13.0,36.0,right,1,-1.35,0.5,Congruent,-1.0
sub-001,Baseline,Ebbinghaus,2,72.0,Ebbinghaus_-0.4500_-0.20566,681.0,-10.0,-3.0,right,1,-0.45,0.20566,Congruent,-1.0
sub-001,Baseline,Ebbinghaus,2,73.0,Ebbinghaus_-1.3500_-0.20566,891.0,12.0,-18.0,right,1,-1.35,0.20566,Congruent,-1.0
sub-001,Baseline,Ebbinghaus,2,74.0,Ebbinghaus_-0.7500_-0.3383,563.0,-17.0,19.0,right,1,-0.75,0.3383,Congruent,-1.0
sub-001,Baseline,Ebbinghaus,2,75.0,Ebbinghaus_0.45000_0.50000,910.0,-26.0,12.0,left,1,0.45,0.5,Incongruent,1.0
sub-001,Baseline,Ebbinghaus,2,76.0,Ebbinghaus_0.75000_0.50000,676.0,-15.0,-6.0,left,1,0.75,0.5,Incongruent,1.0
sub-001,Baseline,Ebbinghaus,2,77.0,Ebbinghaus_-1.3500_-0.09684,946.0,11.0,2.0,right,1,-1.35,0.09684,Congruent,-1.0
sub-001,Baseline,Ebbinghaus,2,78.0,Ebbinghaus_0.45000_0.20566,779.0,-3.0,1.0,right,0,0.45,0.20566,Incongruent,1.0
sub-001,Baseline,Ebbinghaus,2,79.0,Ebbinghaus_0.15000_-0.5000,642.0,3.0,-21.0,right,1,0.15,0.5,Incongruent,-1.0
sub-001,Baseline,Ebbinghaus,2,80.0,Ebbinghaus_0.45000_0.33830,905.0,-24.0,-17.0,left,1,0.45,0.3383,Incongruent,1.0
sub-001,Baseline,VerticalHorizontal,2,1.0,VerticalHorizontal_13.5000_0.20298,734.0,-7.0,-2.0,left,1,13.5,0.20298,Incongruent,1.0
sub-001,Baseline,VerticalHorizontal,2,2.0,VerticalHorizontal_-40.500_-0.12339,727.0,-26.0,9.0,right,1,-40.5,0.12339,Congruent,-1.0
sub-001,Baseline,VerticalHorizontal,2,3.0,VerticalHorizontal_-40.500_0.12339,586.0,-43.0,-23.0,left,1,-40.5,0.12339,Congruent,1.0
sub-001,Baseline,VerticalHorizontal,2,4.0,VerticalHorizontal_-13.500_0.05810,781.0,-16.0,6.0,right,0,-13.5,0.0581,Congruent,1.0
sub-001,Baseline,VerticalHorizontal,2,5.0,VerticalHorizontal_4.50000_-0.12339,772.0,-14.0,-16.0,right,1,4.5,0.12339,Incongruent,-1.0
sub-001,Baseline,VerticalHorizontal,2,6.0,VerticalHorizontal_-22.500_0.12339,777.0,3.0,-1.0,left,1,-22.5,0.12339,Congruent,1.0
sub-001,Baseline,VerticalHorizontal,2,7.0,VerticalHorizontal_40.5000_0.20298,976.0,-36.0,-22.0,right,0,40.5,0.20298,Incongruent,1.0
sub-001,Baseline,VerticalHorizontal,2,8.0,VerticalHorizontal_-13.500_-0.20298,840.0,2.0,7.0,right,1,-13.5,0.20298,Congruent,-1.0
sub-001,Baseline,VerticalHorizontal,2,9.0,VerticalHorizontal_22.5000_0.20298,828.0,-19.0,-2.0,left,1,22.5,0.20298,Incongruent,1.0
sub-001,Baseline,VerticalHorizontal,2,10.0,VerticalHorizontal_31.5000_0.20298,702.0,-10.0,-7.0,left,1,31.5,0.20298,Incongruent,1.0
sub-001,Baseline,VerticalHorizontal,2,11.0,VerticalHorizontal_31.5000_0.05810,503.0,-15.0,18.0,right,0,31.5,0.0581,Incongruent,1.0
sub-001,Baseline,VerticalHorizontal,2,12.0,VerticalHorizontal_-40.500_0.05810,758.0,22.0,-21.0,left,1,-40.5,0.0581,Congruent,1.0
sub-001,Baseline,VerticalHorizontal,2,13.0,VerticalHorizontal_22.5000_-0.0581,997.0,4.0,9.0,left,0,22.5,0.0581,Incongruent,-1.0
sub-001,Baseline,VerticalHorizontal,2,14.0,VerticalHorizontal_-31.500_-0.12339,857.0,16.0,1.0,right,1,-31.5,0.12339,Congruent,-1.0
sub-001,Baseline,VerticalHorizontal,2,15.0,VerticalHorizontal_-13.500_0.20298,891.0,-12.0,-18.0,left,1,-13.5,0.20298,Congruent,1.0
sub-001,Baseline,VerticalHorizontal,2,16.0,VerticalHorizontal_13.5000_-0.3000,867.0,-9.0,41.0,right,1,13.5,0.3,Incongruent,-1.0
sub-001,Baseline,VerticalHorizontal,2,17.0,VerticalHorizontal_13.5000_-0.0581,650.0,9.0,-14.0,right,1,13.5,0.0581,Incongruent,-1.0
sub-001,Baseline,VerticalHorizontal,2,18.0,VerticalHorizontal_31.5000_0.12339,834.0,0.0,-30.0,right,0,31.5,0.12339,Incongruent,1.0
sub-001,Baseline,VerticalHorizontal,2,19.0,VerticalHorizontal_-4.5000_0.05810,525.0,-13.0,-7.0,left,1,-4.5,0.0581,Congruent,1.0
sub-001,Baseline,VerticalHorizontal,2,20.0,VerticalHorizontal_31.5000_-0.3000,799.0,-4.0,-41.0,right,1,31.5,0.3,Incongruent,-1.0
sub-001,Baseline,VerticalHorizontal,2,21.0,VerticalHorizontal_40.5000_-0.20298,994.0,15.0,-7.0,right,1,40.5,0.20298,Incongruent,-1.0
sub-001,Baseline,VerticalHorizontal,2,22.0,VerticalHorizontal_-40.500_0.30000,665.0,-15.0,-7.0,left,1,-40.5,0.3,Congruent,1.0
sub-001,Baseline,VerticalHorizontal,2,23.0,VerticalHorizontal_-31.500_0.05810,768.0,4.0,-12.0,left,1,-31.5,0.0581,Congruent,1.0
sub-001,Baseline,VerticalHorizontal,2,24.0,VerticalHorizontal_4.50000_-0.3000,819.0,11.0,16.0,right,1,4.5,0.3,Incongruent,-1.0
sub-001,Baseline,VerticalHorizontal,2,25.0,VerticalHorizontal_4.50000_-0.20298,619.0,-6.0,-3.0,right,1,4.5,0.20298,Incongruent,-1.0
sub-001,Baseline,VerticalHorizontal,2,26.0,VerticalHorizontal_40.5000_-0.0581,532.0,-10.0,36.0,left,0,40.5,0.0581,Incongruent,-1.0
sub-001,Baseline,VerticalHorizontal,2,27.0,VerticalHorizontal_40.5000_-0.12339,828.0,32.0,-23.0,right,1,40.5,0.12339,Incongruent,-1.0
sub-001,Baseline,VerticalHorizontal,2,28.0,VerticalHorizontal_4.50000_0.12339,608.0,22.0,-31.0,left,1,4.5,0.12339,Incongruent,1.0
sub-001,Baseline,VerticalHorizontal,2,29.0,VerticalHorizontal_-31.500_0.12339,706.0,-13.0,7.0,left,1,-31.5,0.12339,Congruent,1.0
sub-001,Baseline,VerticalHorizontal,2,30.0,VerticalHorizontal_-31.500_0.30000,526.0,-5.0,-19.0,left,1,-31.5,0.3,Congruent,1.0
sub-001,Baseline,VerticalHorizontal,2,31.0,VerticalHorizontal_31.5000_-0.12339,656.0,-10.0,-21.0,right,1,31.5,0.12339,Incongruent,-1.0
sub-001,Baseline,VerticalHorizontal,2,32.0,VerticalHorizontal_-4.5000_0.30000,854.0,6.0,6.0,left,1,-4.5,0.3,Congruent,1.0
sub-001,Baseline,VerticalHorizontal,2,33.0,VerticalHorizontal_-22.500_0.20298,805.0,11.0,11.0,left,1,-22.5,0.20298,Congruent,1.0
sub-001,Baseline,VerticalHorizontal,2,34.0,VerticalHorizontal_-13.500_0.12339,579.0,0.0,-10.0,left,1,-13.5,0.12339,Congruent,1.0
sub-001,Baseline,VerticalHorizontal,2,35.0,VerticalHorizontal_31.5000_-0.20298,994.0,11.0,-9.0,right,1,31.5,0.20298,Incongruent,-1.0
sub-001,Baseline,VerticalHorizontal,2,36.0,VerticalHorizontal_-40.500_-0.3000,741.0,-8.0,20.0,right,1,-40.5,0.3,Congruent,-1.0
sub-001,Baseline,VerticalHorizontal,2,37.0,VerticalHorizontal_13.5000_0.30000,768.0,-3.0,1.0,left,1,13.5,0.3,Incongruent,1.0
sub-001,Baseline,VerticalHorizontal,2,38.0,VerticalHorizontal_13.5000_-0.20298,846.0,-3.0,-3.0,right,1,13.5,0.20298,Incongruent,-1.0
sub-001,Baseline,VerticalHorizontal,2,39.0,VerticalHorizontal_22.5000_0.12339,512.0,8.0,-17.0,right,0,22.5,0.12339,Incongruent,1.0
sub-001,Baseline,VerticalHorizontal,2,40.0,VerticalHorizontal_-40.500_0.20298,988.0,2.0,-5.0,left,1,-40.5,0.20298,Congruent,1.0
sub-001,Baseline,VerticalHorizontal,2,41.0,VerticalHorizontal_4.50000_0.30000,769.0,8.0,38.0,left,1,4.5,0.3,Incongruent,1.0
sub-001,Baseline,VerticalHorizontal,2,42.0,VerticalHorizontal_-4.5000_0.20298,596.0,-29.0,-9.0,left,1,-4.5,0.20298,Congruent,1.0
sub-001,Baseline,VerticalHorizontal,2,43.0,VerticalHorizontal_22.5000_0.05810,864.0,24.0,-6.0,right,0,22.5,0.0581,Incongruent,1.0
sub-001,Baseline,VerticalHorizontal,2,44.0,VerticalHorizontal_-22.500_-0.3000,531.0,1.0,-19.0,right,1,-22.5,0.3,Congruent,-1.0
sub-001,Baseline,VerticalHorizontal,2,45.0,VerticalHorizontal_22.5000_-0.12339,961.0,0.0,37.0,right,1,22.5,0.12339,Incongruent,-1.0
sub-001,Baseline,VerticalHorizontal,2,46.0,VerticalHorizontal_13.5000_-0.12339,868.0,36.0,30.0,right,1,13.5,0.12339,Incongruent,-1.0
sub-001,Baseline,VerticalHorizontal,2,47.0,VerticalHorizontal_-4.5000_-0.20298,511.0,20.0,7.0,right,1,-4.5,0.20298,Congruent,-1.0
sub-001,Baseline,VerticalHorizontal,2,48.0,VerticalHorizontal_22.5000_-0.20298,790.0,-13.0,24.0,right,1,22.5,0.20298,Incongruent,-1.0
sub-001,Baseline,VerticalHorizontal,2,49.0,VerticalHorizontal_-22.500_-0.12339,848.0,-6.0,31.0,right,1,-22.5,0.12339,Congruent,-1.0
sub-001,Baseline,VerticalHorizontal,2,50.0,VerticalHorizontal_-13.500_-0.0581,906.0,-14.0,-13.0,right,1,-13.5,0.0581,Congruent,-1.0
sub-001,Baseline,VerticalHorizontal,2,51.0,VerticalHorizontal_-40.500_-0.20298,950.0,-14.0,4.0,right,1,-40.5,0.20298,Congruent,-1.0
sub-001,Baseline,VerticalHorizontal,2,52.0,VerticalHorizontal_22.5000_0.30000,745.0,3.0,-37.0,left,1,22.5,0.3,Incongruent,1.0
sub-001,Baseline,VerticalHorizontal,2,53.0,VerticalHorizontal_-31.500_-0.3000,958.0,-1.0,7.0,right,1,-31.5,0.3,Congruent,-1.0
sub-001,Baseline,VerticalHorizontal,2,54.0,VerticalHorizontal_-13.500_-0.12339,564.0,33.0,5.0,right,1,-13.5,0.12339,Congruent,-1.0
sub-001,Baseline,VerticalHorizontal,2,55.0,VerticalHorizontal_-31.500_0.20298,756.0,8.0,-6.0,left,1,-31.5,0.20298,Congruent,1.0
sub-001,Baseline,VerticalHorizontal,2,56.0,VerticalHorizontal_31.5000_0.30000,589.0,-18.0,-26.0,right,0,31.5,0.3,Incongruent,1.0
sub-001,Baseline,VerticalHorizontal,2,57.0,VerticalHorizontal_-4.5000_-0.0581,649.0,-23.0,7.0,right,1,-4.5,0.0581,Congruent,-1.0
sub-001,Baseline,VerticalHorizontal,2,58.0,VerticalHorizontal_-22.500_-0.20298,549.0,-19.0,10.0,right,1,-22.5,0.20298,Congruent,-1.0
sub-001,Baseline,VerticalHorizontal,2,59.0,VerticalHorizontal_22.5000_-0.3000,532.0,-18.0,8.0,right,1,22.5,0.3,Incongruent,-1.0
sub-001,Baseline,VerticalHorizontal,2,60.0,VerticalHorizontal_-13.500_0.30000,766.0,-25.0,19.0,left,1,-13.5,0.3,Congruent,1.0
sub-001,Baseline,VerticalHorizontal,2,61.0,VerticalHorizontal_-22.500_-0.0581,740.0,17.0,-43.0,right,1,-22.5,0.0581,Congruent,-1.0
sub-001,Baseline,VerticalHorizontal,2,62.0,VerticalHorizontal_31.5000_-0.0581,657.0,-43.0,-3.0,left,0,31.5,0.0581,Incongruent,-1.0
sub-001,Baseline,VerticalHorizontal,2,63.0,VerticalHorizontal_-4.5000_0.12339,766.0,21.0,8.0,left,1,-4.5,0.12339,Congruent,1.0
sub-001,Baseline,VerticalHorizontal,2,64.0,VerticalHorizontal_-4.5000_-0.3000,541.0,16.0,33.0,right,1,-4.5,0.3,Congruent,-1.0
sub-001,Baseline,VerticalHorizontal,2,65.0,VerticalHorizontal_40.5000_0.30000,892.0,36.0,13.0,left,1,40.5,0.3,Incongruent,1.0
sub-001,Baseline,VerticalHorizontal,2,66.0,VerticalHorizontal_13.5000_0.05810,661.0,26.0,-4.0,right,0,13.5,0.0581,Incongruent,1.0
sub-001,Baseline,VerticalHorizontal,2,67.0,VerticalHorizontal_4.50000_0.05810,732.0,19.0,-8.0,right,0,4.5,0.0581,Incongruent,1.0
sub-001,Baseline,VerticalHorizontal,2,68.0,VerticalHorizontal_-4.5000_-0.12339,512.0,47.0,22.0,right,1,-4.5,0.12339,Congruent,-1.0
sub-001,Baseline,VerticalHorizontal,2,69.0,VerticalHorizontal_40.5000_0.05810,715.0,-22.0,-8.0,right,0,40.5,0.0581,Incongruent,1.0
sub-001,Baseline,VerticalHorizontal,2,70.0,VerticalHorizontal_40.5000_0.12339,826.0,3.0,29.0,right,0,40.5,0.12339,Incongruent,1.0
sub-001,Baseline,VerticalHorizontal,2,71.0,VerticalHorizontal_13.5000_0.12339,969.0,-18.0,18.0,right,0,13.5,0.12339,Incongruent,1.0
sub-001,Baseline,VerticalHorizontal,2,72.0,VerticalHorizontal_-31.500_-0.20298,930.0,40.0,-4.0,right,1,-31.5,0.20298,Congruent,-1.0
sub-001,Baseline,VerticalHorizontal,2,73.0,VerticalHorizontal_4.50000_-0.0581,730.0,10.0,-2.0,right,1,4.5,0.0581,Incongruent,-1.0
sub-001,Baseline,VerticalHorizontal,2,74.0,VerticalHorizontal_4.50000_0.20298,619.0,-17.0,26.0,left,1,4.5,0.20298,Incongruent,1.0
sub-001,Baseline,VerticalHorizontal,2,75.0,VerticalHorizontal_-31.500_-0.0581,787.0,-5.0,-3.0,right,1,-31.5,0.0581,Congruent,-1.0
sub-001,Baseline,VerticalHorizontal,2,76.0,VerticalHorizontal_40.5000_-0.3000,871.0,-15.0,-12.0,right,1,40.5,0.3,Incongruent,-1.0
sub-001,Baseline,VerticalHorizontal,2,77.0,VerticalHorizontal_-40.500_-0.0581,702.0,8.0,0.0,right,1,-40.5,0.0581,Congruent,-1.0
sub-001,Baseline,VerticalHorizontal,2,78.0,VerticalHorizontal_-22.500_0.05810,658.0,-27.0,7.0,left,1,-22.5,0.0581,Congruent,1.0
sub-001,Baseline,VerticalHorizontal,2,79.0,VerticalHorizontal_-13.500_-0.3000,638.0,16.0,-16.0,right,1,-13.5,0.3,Congruent,-1.0
sub-001,Baseline,VerticalHorizontal,2,80.0,VerticalHorizontal_-22.500_0.30000,996.0,11.0,-27.0,left,1,-22.5,0.3,Congruent,1.0
sub-001,Materials/Mindfulness.mp3,MullerLyer,1,1.0,MullerLyer_-3.0000_0.30447,701.0,-36.0,9.0,up,1,-3.0,0.30447,Congruent,1.0
sub-001,Materials/Mindfulness.mp3,MullerLyer,1,2.0,MullerLyer_9.00000_0.45000,508.0,38.0,10.0,up,1,9.0,0.45,Incongruent,1.0
sub-001,Materials/Mindfulness.mp3,MullerLyer,1,3.0,MullerLyer_27.0000_0.18509,981.0,20.0,-10.0,down,0,27.0,0.18509,Incongruent,1.0
sub-001,Materials/Mindfulness.mp3,MullerLyer,1,4.0,MullerLyer_-15.000_0.30447,727.0,-4.0,17.0,up,1,-15.0,0.30447,Congruent,1.0
sub-001,Materials/Mindfulness.mp3,MullerLyer,1,5.0,MullerLyer_9.00000_-0.08716,813.0,-31.0,-24.0,up,0,9.0,0.08716,Incongruent,-1.0
sub-001,Materials/Mindfulness.mp3,MullerLyer,1,6.0,MullerLyer_3.00000_0.18509,962.0,5.0,-14.0,up,1,3.0,0.18509,Incongruent,1.0
sub-001,Materials/Mindfulness.mp3,MullerLyer,1,7.0,MullerLyer_27.0000_0.45000,799.0,0.0,-13.0,up,1,27.0,0.45,Incongruent,1.0
sub-001,Materials/Mindfulness.mp3,MullerLyer,1,8.0,MullerLyer_-15.000_0.08716,855.0,-42.0,-16.0,up,1,-15.0,0.08716,Congruent,1.0
sub-001,Materials/Mindfulness.mp3,MullerLyer,1,9.0,MullerLyer_15.0000_0.08716,615.0,-18.0,32.0,down,0,15.0,0.08716,Incongruent,1.0
sub-001,Materials/Mindfulness.mp3,MullerLyer,1,10.0,MullerLyer_15.0000_-0.18509,809.0,-13.0,-1.0,up,0,15.0,0.18509,Incongruent,-1.0
sub-001,Materials/Mindfulness.mp3,MullerLyer,1,11.0,MullerLyer_-27.000_-0.4500,822.0,28.0,23.0,down,1,-27.0,0.45,Congruent,-1.0
sub-001,Materials/Mindfulness.mp3,MullerLyer,1,12.0,MullerLyer_9.00000_-0.30447,525.0,1.0,-41.0,down,1,9.0,0.30447,Incongruent,-1.0
sub-001,Materials/Mindfulness.mp3,MullerLyer,1,13.0,MullerLyer_9.00000_-0.18509,697.0,-29.0,10.0,down,1,9.0,0.18509,Incongruent,-1.0
sub-001,Materials/Mindfulness.mp3,MullerLyer,1,14.0,MullerLyer_-15.000_0.45000,609.0,-7.0,-27.0,up,1,-15.0,0.45,Congruent,1.0
sub-001,Materials/Mindfulness.mp3,MullerLyer,1,15.0,MullerLyer_-27.000_-0.08716,841.0,-5.0,12.0,down,1,-27.0,0.08716,Congruent,-1.0
sub-001,Materials/Mindfulness.mp3,MullerLyer,1,16.0,MullerLyer_3.00000_-0.30447,965.0,3.0,19.0,down,1,3.0,0.30447,Incongruent,-1.0
sub-001,Materials/Mindfulness.mp3,MullerLyer,1,17.0,MullerLyer_3.00000_-0.08716,997.0,-38.0,11.0,up,0,3.0,0.08716,Incongruent,-1.0
sub-001,Materials/Mindfulness.mp3,MullerLyer,1,18.0,MullerLyer_-9.0000_-0.18509,831.0,5.0,8.0,down,1,-9.0,0.18509,Congruent,-1.0
sub-001,Materials/Mindfulness.mp3,MullerLyer,1,19.0,MullerLyer_27.0000_-0.08716,947.0,-15.0,18.0,up,0,27.0,0.08716,Incongruent,-1.0
sub-001,Materials/Mindfulness.mp3,MullerLyer,1,20.0,MullerLyer_3.00000_-0.4500,664.0,33.0,-21.0,down,1,3.0,0.45,Incongruent,-1.0
sub-001,Materials/Mindfulness.mp3,MullerLyer,1,21.0,MullerLyer_-15.000_-0.30447,688.0,29.0,-34.0,down,1,-15.0,0.30447,Congruent,-1.0
sub-001,Materials/Mindfulness.mp3,MullerLyer,1,22.0,MullerLyer_-9.0000_0.18509,992.0,6.0,29.0,up,1,-9.0,0.18509,Congruent,1.0
sub-001,Materials/Mindfulness.mp3,MullerLyer,1,23.0,MullerLyer_3.00000_-0.18509,803.0,-1.0,-21.0,down,1,3.0,0.18509,Incongruent,-1.0
sub-001,Materials/Mindfulness.mp3,MullerLyer,1,24.0,MullerLyer_21.0000_-0.18509,924.0,-34.0,12.0,up,0,21.0,0.18509,Incongruent,-1.0
sub-001,Materials/Mindfulness.mp3,MullerLyer,1,25.0,MullerLyer_15.0000_0.30447,654.0,3.0,-27.0,up,1,15.0,0.30447,Incongruent,1.0
sub-001,Materials/Mindfulness.mp3,MullerLyer,1,26.0,MullerLyer_-21.000_0.45000,830.0,11.0,-4.0,up,1,-21.0,0.45,Congruent,1.0
sub-001,Materials/Mindfulness.mp3,MullerLyer,1,27.0,MullerLyer_3.00000_0.30447,571.0,-8.0,21.0,up,1,3.0,0.30447,Incongruent,1.0
sub-001,Materials/Mindfulness.mp3,MullerLyer,1,28.0,MullerLyer_-27.000_-0.18509,645.0,-17.0,26.0,down,1,-27.0,0.18509,Congruent,-1.0
sub-001,Materials/Mindfulness.mp3,MullerLyer,1,29.0,MullerLyer_27.0000_-0.30447,672.0,6.0,0.0,up,0,27.0,0.30447,Incongruent,-1.0
sub-001,Materials/Mindfulness.mp3,MullerLyer,1,30.0,MullerLyer_-9.0000_0.08716,831.0,-20.0,-13.0,up,1,-9.0,0.08716,Congruent,1.0
sub-001,Materials/Mindfulness.mp3,MullerLyer,1,31.0,MullerLyer_-27.000_0.18509,972.0,-10.0,30.0,up,1,-27.0,0.18509,Congruent,1.0
sub-001,Materials/Mindfulness.mp3,MullerLyer,1,32.0,MullerLyer_-21.000_0.18509,722.0,-15.0,1.0,up,1,-21.0,0.18509,Congruent,1.0
sub-001,Materials/Mindfulness.mp3,MullerLyer,1,33.0,MullerLyer_9.00000_0.08716,589.0,24.0,12.0,down,0,9.0,0.08716,Incongruent,1.0
sub-001,Materials/Mindfulness.mp3,MullerLyer,1,34.0,MullerLyer_-9.0000_-0.08716,638.0,26.0,36.0,down,1,-9.0,0.08716,Congruent,-1.0
sub-001,Materials/Mindfulness.mp3,MullerLyer,1,35.0,MullerLyer_15.0000_-0.4500,571.0,-24.0,-1.0,down,1,15.0,0.45,Incongruent,-1.0
sub-001,Materials/Mindfulness.mp3,MullerLyer,1,36.0,MullerLyer_27.0000_0.30447,928.0,12.0,3.0,down,0,27.0,0.30447,Incongruent,1.0
sub-001,Materials/Mindfulness.mp3,MullerLyer,1,37.0,MullerLyer_9.00000_0.18509,522.0,-8.0,-9.0,up,1,9.0,0.18509,Incongruent,1.0
sub-001,Materials/Mindfulness.mp3,MullerLyer,1,38.0,MullerLyer_21.0000_-0.4500,750.0,-10.0,31.0,down,1,21.0,0.45,Incongruent,-1.0
sub-001,Materials/Mindfulness.mp3,MullerLyer,1,39.0,MullerLyer_-3.0000_0.18509,733.0,-44.0,0.0,up,1,-3.0,0.18509,Congruent,1.0
sub-001,Materials/Mindfulness.mp3,MullerLyer,1,40.0,MullerLyer_-21.000_-0.08716,700.0,30.0,12.0,down,1,-21.0,0.08716,Congruent,-1.0
sub-001,Materials/Mindfulness.mp3,MullerLyer,1,41.0,MullerLyer_-15.000_-0.08716,768.0,14.0,-30.0,down,1,-15.0,0.08716,Congruent,-1.0
sub-001,Materials/Mindfulness.mp3,MullerLyer,1,42.0,MullerLyer_21.0000_-0.30447,543.0,7.0,-3.0,down,1,21.0,0.30447,Incongruent,-1.0
sub-001,Materials/Mindfulness.mp3,MullerLyer,1,43.0,MullerLyer_-3.0000_-0.08716,535.0,-25.0,7.0,down,1,-3.0,0.08716,Congruent,-1.0
sub-001,Materials/Mindfulness.mp3,MullerLyer,1,44.0,MullerLyer_15.0000_-0.30447,933.0,31.0,12.0,down,1,15.0,0.30447,Incongruent,-1.0
sub-001,Materials/Mindfulness.mp3,MullerLyer,1,45.0,MullerLyer_-3.0000_0.08716,928.0,-27.0,-1.0,up,1,-3.0,0.08716,Congruent,1.0
sub-001,Materials/Mindfulness.mp3,MullerLyer,1,46.0,MullerLyer_-15.000_0.18509,849.0,0.0,31.0,up,1,-15.0,0.18509,Congruent,1.0
sub-001,Materials/Mindfulness.mp3,MullerLyer,1,47.0,MullerLyer_-9.0000_-0.30447,531.0,24.0,-37.0,down,1,-9.0,0.30447,Congruent,-1.0
sub-001,Materials/Mindfulness.mp3,MullerLyer,1,48.0,MullerLyer_21.0000_0.18509,550.0,-32.0,6.0,down,0,21.0,0.18509,Incongruent,1.0
sub-001,Materials/Mindfulness.mp3,MullerLyer,1,49.0,MullerLyer_21.0000_-0.08716,882.0,3.0,36.0,up,0,21.0,0.08716,Incongruent,-1.0
sub-001,Materials/Mindfulness.mp3,MullerLyer,1,50.0,MullerLyer_-27.000_-0.30447,578.0,-35.0,-8.0,down,1,-27.0,0.30447,Congruent,-1.0
sub-001,Materials/Mindfulness.mp3,MullerLyer,1,51.0,MullerLyer_27.0000_0.08716,737.0,6.0,23.0,down,0,27.0,0.08716,Incongruent,1.0
sub-001,Materials/Mindfulness.mp3,MullerLyer,1,52.0,MullerLyer_-9.0000_0.30447,773.0,5.0,18.0,up,1,-9.0,0.30447,Congruent,1.0
sub-001,Materials/Mindfulness.mp3,MullerLyer,1,53.0,MullerLyer_-3.0000_-0.4500,599.0,5.0,-39.0,down,1,-3.0,0.45,Congruent,-1.0
sub-001,Materials/Mindfulness.mp3,MullerLyer,1,54.0,MullerLyer_27.0000_-0.4500,931.0,-23.0,10.0,down,1,27.0,0.45,Incongruent,-1.0
sub-001,Materials/Mindfulness.mp3,MullerLyer,1,55.0,MullerLyer_-15.000_-0.4500,687.0,20.0,-25.0,down,1,-15.0,0.45,Congruent,-1.0
sub-001,Materials/Mindfulness.mp3,MullerLyer,1,56.0,MullerLyer_15.0000_-0.08716,670.0,7.0,-16.0,up,0,15.0,0.08716,Incongruent,-1.0
sub-001,Materials/Mindfulness.mp3,MullerLyer,1,57.0,MullerLyer_3.00000_0.08716,691.0,-20.0,-36.0,up,1,3.0,0.08716,Incongruent,1.0
sub-001,Materials/Mindfulness.mp3,MullerLyer,1,58.0,MullerLyer_21.0000_0.45000,711.0,20.0,-2.0,up,1,21.0,0.45,Incongruent,1.0
sub-001,Materials/Mindfulness.mp3,MullerLyer,1,59.0,MullerLyer_15.0000_0.18509,892.0,-15.0,-11.0,up,1,15.0,0.18509,Incongruent,1.0
sub-001,Materials/Mindfulness.mp3,MullerLyer,1,60.0,MullerLyer_-15.000_-0.18509,984.0,7.0,-35.0,down,1,-15.0,0.18509,Congruent,-1.0
sub-001,Materials/Mindfulness.mp3,MullerLyer,1,61.0,MullerLyer_21.0000_0.08716,630.0,-22.0,-8.0,down,0,21.0,0.08716,Incongruent,1.0
sub-001,Materials/Mindfulness.mp3,MullerLyer,1,62.0,MullerLyer_-27.000_0.45000,767.0,-10.0,-14.0,up,1,-27.0,0.45,Congruent,1.0
sub-001,Materials/Mindfulness.mp3,MullerLyer,1,63.0,MullerLyer_-3.0000_-0.30447,581.0,-44.0,13.0,down,1,-3.0,0.30447,Congruent,-1.0
sub-001,Materials/Mindfulness.mp3,MullerLyer,1,64.0,MullerLyer_27.0000_-0.18509,645.0,-22.0,23.0,up,0,27.0,0.18509,Incongruent,-1.0
sub-001,Materials/Mindfulness.mp3,MullerLyer,1,65.0,MullerLyer_-21.000_0.08716,689.0,32.0,-5.0,up,1,-21.0,0.08716,Congruent,1.0
sub-001,Materials/Mindfulness.mp3,MullerLyer,1,66.0,MullerLyer_-21.000_-0.4500,795.0,-12.0,-1.0,down,1,-21.0,0.45,Congruent,-1.0
sub-001,Materials/Mindfulness.mp3,MullerLyer,1,67.0,MullerLyer_-3.0000_0.45000,953.0,46.0,10.0,up,1,-3.0,0.45,Congruent,1.0
sub-001,Materials/Mindfulness.mp3,MullerLyer,1,68.0,MullerLyer_-27.000_0.08716,716.0,-14.0,-31.0,up,1,-27.0,0.08716,Congruent,1.0
sub-001,Materials/Mindfulness.mp3,MullerLyer,1,69.0,MullerLyer_9.00000_0.30447,545.0,-5.0,2.0,up,1,9.0,0.30447,Incongruent,1.0
sub-001,Materials/Mindfulness.mp3,MullerLyer,1,70.0,MullerLyer_9.00000_-0.4500,795.0,-35.0,9.0,down,1,9.0,0.45,Incongruent,-1.0
sub-001,Materials/Mindfulness.mp3,MullerLyer,1,71.0,MullerLyer_-21.000_-0.30447,931.0,16.0,9.0,down,1,-21.0,0.30447,Congruent,-1.0
sub-001,Materials/Mindfulness.mp3,MullerLyer,1,72.0,MullerLyer_-21.000_-0.18509,670.0,23.0,-20.0,down,1,-21.0,0.18509,Congruent,-1.0
sub-001,Materials/Mindfulness.mp3,MullerLyer,1,73.0,MullerLyer_-9.0000_-0.4500,809.0,6.0,-33.0,down,1,-9.0,0.45,Congruent,-1.0
sub-001,Materials/Mindfulness.mp3,MullerLyer,1,74.0,MullerLyer_-3.0000_-0.18509,635.0,31.0,-28.0,down,1,-3.0,0.18509,Congruent,-1.0
sub-001,Materials/Mindfulness.mp3,MullerLyer,1,75.0,MullerLyer_-27.000_0.30447,603.0,-1.0,-1.0,up,1,-27.0,0.30447,Congruent,1.0
sub-001,Materials/Mindfulness.mp3,MullerLyer,1,76.0,MullerLyer_-9.0000_0.45000,804.0,-17.0,1.0,up,1,-9.0,0.45,Congruent,1.0
sub-001,Materials/Mindfulness.mp3,MullerLyer,1,77.0,MullerLyer_15.0000_0.45000,902.0,19.0,-15.0,up,1,15.0,0.45,Incongruent,1.0
sub-001,Materials/Mindfulness.mp3,MullerLyer,1,78.0,MullerLyer_3.00000_0.45000,797.0,-26.0,-33.0,up,1,3.0,0.45,Incongruent,1.0
sub-001,Materials/Mindfulness.mp3,MullerLyer,1,79.0,MullerLyer_21.0000_0.30447,685.0,-30.0,11.0,down,0,21.0,0.30447,Incongruent,1.0
sub-001,Materials/Mindfulness.mp3,MullerLyer,1,80.0,MullerLyer_-21.000_0.30447,993.0,18.0,-9.0,up,1,-21.0,0.30447,Congruent,1.0
sub-001,Materials/Mindfulness.mp3,Ebbinghaus,1,1.0,Ebbinghaus_0.45000_0.20566,694.0,2.0,-1.0,left,1,0.45,0.20566,Incongruent,1.0
sub-001,Materials/Mindfulness.mp3,Ebbinghaus,1,2.0,Ebbinghaus_-1.0500_-0.3383,538.0,-5.0,25.0,right,1,-1.05,0.3383,Congruent,-1.0
sub-001,Materials/Mindfulness.mp3,Ebbinghaus,1,3.0,Ebbinghaus_-1.3500_0.20566,775.0,-16.0,4.0,left,1,-1.35,0.20566,Congruent,1.0
sub-001,Materials/Mindfulness.mp3,Ebbinghaus,1,4.0,Ebbinghaus_-1.0500_0.09684,832.0,13.0,7.0,left,1,-1.05,0.09684,Congruent,1.0
sub-001,Materials/Mindfulness.mp3,Ebbinghaus,1,5.0,Ebbinghaus_-1.3500_-0.20566,742.0,-2.0,19.0,right,1,-1.35,0.20566,Congruent,-1.0
sub-001,Materials/Mindfulness.mp3,Ebbinghaus,1,6.0,Ebbinghaus_-0.1500_-0.09684,698.0,29.0,-1.0,right,1,-0.15,0.09684,Congruent,-1.0
sub-001,Materials/Mindfulness.mp3,Ebbinghaus,1,7.0,Ebbinghaus_-1.0500_0.20566,988.0,33.0,14.0,left,1,-1.05,0.20566,Congruent,1.0
sub-001,Materials/Mindfulness.mp3,Ebbinghaus,1,8.0,Ebbinghaus_0.15000_-0.5000,876.0,14.0,10.0,right,1,0.15,0.5,Incongruent,-1.0
sub-001,Materials/Mindfulness.mp3,Ebbinghaus,1,9.0,Ebbinghaus_0.15000_-0.09684,651.0,3.0,-22.0,right,1,0.15,0.09684,Incongruent,-1.0
sub-001,Materials/Mindfulness.mp3,Ebbinghaus,1,10.0,Ebbinghaus_-1.0500_-0.5000,900.0,-45.0,-20.0,right,1,-1.05,0.5,Congruent,-1.0
sub-001,Materials/Mindfulness.mp3,Ebbinghaus,1,11.0,Ebbinghaus_-1.0500_0.33830,548.0,-25.0,39.0,left,1,-1.05,0.3383,Congruent,1.0
sub-001,Materials/Mindfulness.mp3,Ebbinghaus,1,12.0,Ebbinghaus_-0.7500_-0.09684,801.0,-4.0,-8.0,right,1,-0.75,0.09684,Congruent,-1.0
sub-001,Materials/Mindfulness.mp3,Ebbinghaus,1,13.0,Ebbinghaus_1.05000_0.09684,906.0,-5.0,-21.0,right,0,1.05,0.09684,Incongruent,1.0
sub-001,Materials/Mindfulness.mp3,Ebbinghaus,1,14.0,Ebbinghaus_0.15000_0.50000,657.0,1.0,42.0,left,1,0.15,0.5,Incongruent,1.0
sub-001,Materials/Mindfulness.mp3,Ebbinghaus,1,15.0,Ebbinghaus_0.75000_-0.20566,645.0,13.0,-12.0,right,1,0.75,0.20566,Incongruent,-1.0
sub-001,Materials/Mindfulness.mp3,Ebbinghaus,1,16.0,Ebbinghaus_-0.4500_0.33830,798.0,-33.0,21.0,left,1,-0.45,0.3383,Congruent,1.0
sub-001,Materials/Mindfulness.mp3,Ebbinghaus,1,17.0,Ebbinghaus_-1.3500_0.50000,986.0,21.0,9.0,left,1,-1.35,0.5,Congruent,1.0
sub-001,Materials/Mindfulness.mp3,Ebbinghaus,1,18.0,Ebbinghaus_1.05000_0.33830,609.0,42.0,49.0,left,1,1.05,0.3383,Incongruent,1.0
sub-001,Materials/Mindfulness.mp3,Ebbinghaus,1,19.0,Ebbinghaus_1.35000_-0.09684,752.0,-7.0,-14.0,left,0,1.35,0.09684,Incongruent,-1.0
sub-001,Materials/Mindfulness.mp3,Ebbinghaus,1,20.0,Ebbinghaus_-0.7500_0.50000,967.0,8.0,27.0,left,1,-0.75,0.5,Congruent,1.0
sub-001,Materials/Mindfulness.mp3,Ebbinghaus,1,21.0,Ebbinghaus_-1.3500_-0.09684,718.0,1.0,23.0,right,1,-1.35,0.09684,Congruent,-1.0
sub-001,Materials/Mindfulness.mp3,Ebbinghaus,1,22.0,Ebbinghaus_1.35000_-0.3383,621.0,12.0,-8.0,right,1,1.35,0.3383,Incongruent,-1.0
sub-001,Materials/Mindfulness.mp3,Ebbinghaus,1,23.0,Ebbinghaus_-0.4500_0.50000,788.0,-6.0,-2.0,left,1,-0.45,0.5,Congruent,1.0
sub-001,Materials/Mindfulness.mp3,Ebbinghaus,1,24.0,Ebbinghaus_0.75000_-0.5000,893.0,7.0,36.0,right,1,0.75,0.5,Incongruent,-1.0
sub-001,Materials/Mindfulness.mp3,Ebbinghaus,1,25.0,Ebbinghaus_0.75000_0.50000,538.0,-16.0,21.0,left,1,0.75,0.5,Incongruent,1.0
sub-001,Materials/Mindfulness.mp3,Ebbinghaus,1,26.0,Ebbinghaus_0.45000_-0.09684,583.0,32.0,35.0,right,1,0.45,0.09684,Incongruent,-1.0
sub-001,Materials/Mindfulness.mp3,Ebbinghaus,1,27.0,Ebbinghaus_-1.0500_-0.09684,559.0,-21.0,-7.0,right,1,-1.05,0.09684,Congruent,-1.0
sub-001,Materials/Mindfulness.mp3,Ebbinghaus,1,28.0,Ebbinghaus_-0.4500_-0.20566,951.0,19.0,-32.0,right,1,-0.45,0.20566,Congruent,-1.0
sub-001,Materials/Mindfulness.mp3,Ebbinghaus,1,29.0,Ebbinghaus_-0.4500_0.09684,692.0,22.0,4.0,left,1,-0.45,0.09684,Congruent,1.0
sub-001,Materials/Mindfulness.mp3,Ebbinghaus,1,30.0,Ebbinghaus_0.75000_0.09684,510.0,-3.0,7.0,right,0,0.75,0.09684,Incongruent,1.0
sub-001,Materials/Mindfulness.mp3,Ebbinghaus,1,31.0,Ebbinghaus_1.35000_-0.20566,988.0,-25.0,5.0,right,1,1.35,0.20566,Incongruent,-1.0
sub-001,Materials/Mindfulness.mp3,Ebbinghaus,1,32.0,Ebbinghaus_-1.0500_0.50000,529.0,-8.0,31.0,left,1,-1.05,0.5,Congruent,1.0
sub-001,Materials/Mindfulness.mp3,Ebbinghaus,1,33.0,Ebbinghaus_-0.4500_-0.09684,685.0,10.0,25.0,right,1,-0.45,0.09684,Congruent,-1.0
sub-001,Materials/Mindfulness.mp3,Ebbinghaus,1,34.0,Ebbinghaus_-1.3500_-0.5000,732.0,-3.0,-25.0,right,1,-1.35,0.5,Congruent,-1.0
sub-001,Materials/Mindfulness.mp3,Ebbinghaus,1,35.0,Ebbinghaus_0.15000_-0.3383,894.0,10.0,27.0,right,1,0.15,0.3383,Incongruent,-1.0
sub-001,Materials/Mindfulness.mp3,Ebbinghaus,1,36.0,Ebbinghaus_0.45000_0.50000,802.0,-2.0,34.0,left,1,0.45,0.5,Incongruent,1.0
sub-001,Materials/Mindfulness.mp3,Ebbinghaus,1,37.0,Ebbinghaus_-0.1500_0.50000,596.0,-9.0,-5.0,left,1,-0.15,0.5,Congruent,1.0
sub-001,Materials/Mindfulness.mp3,Ebbinghaus,1,38.0,Ebbinghaus_-0.1500_-0.20566,928.0,30.0,-14.0,right,1,-0.15,0.20566,Congruent,-1.0
sub-001,Materials/Mindfulness.mp3,Ebbinghaus,1,39.0,Ebbinghaus_-0.7500_-0.20566,602.0,8.0,-12.0,right,1,-0.75,0.20566,Congruent,-1.0
sub-001,Materials/Mindfulness.mp3,Ebbinghaus,1,40.0,Ebbinghaus_-0.1500_-0.3383,768.0,17.0,-37.0,right,1,-0.15,0.3383,Congruent,-1.0
sub-001,Materials/Mindfulness.mp3,Ebbinghaus,1,41.0,Ebbinghaus_0.15000_0.20566,989.0,-40.0,-6.0,left,1,0.15,0.20566,Incongruent,1.0
sub-001,Materials/Mindfulness.mp3,Ebbinghaus,1,42.0,Ebbinghaus_0.75000_-0.09684,834.0,14.0,-33.0,left,0,0.75,0.09684,Incongruent,-1.0
sub-001,Materials/Mindfulness.mp3,Ebbinghaus,1,43.0,Ebbinghaus_0.75000_-0.3383,697.0,-20.0,8.0,right,1,0.75,0.3383,Incongruent,-1.0
sub-001,Materials/Mindfulness.mp3,Ebbinghaus,1,44.0,Ebbinghaus_0.45000_-0.3383,501.0,1.0,23.0,right,1,0.45,0.3383,Incongruent,-1.0
sub-001,Materials/Mindfulness.mp3,Ebbinghaus,1,45.0,Ebbinghaus_0.75000_0.33830,918.0,15.0,-8.0,left,1,0.75,0.3383,Incongruent,1.0
sub-001,Materials/Mindfulness.mp3,Ebbinghaus,1,46.0,Ebbinghaus_1.05000_-0.09684,925.0,7.0,-24.0,right,1,1.05,0.09684,Incongruent,-1.0
sub-001,Materials/Mindfulness.mp3,Ebbinghaus,1,47.0,Ebbinghaus_0.15000_0.33830,934.0,-20.0,0.0,left,1,0.15,0.3383,Incongruent,1.0
sub-001,Materials/Mindfulness.mp3,Ebbinghaus,1,48.0,Ebbinghaus_-0.1500_-0.5000,854.0,20.0,29.0,right,1,-0.15,0.5,Congruent,-1.0
sub-001,Materials/Mindfulness.mp3,Ebbinghaus,1,49.0,Ebbinghaus_-0.7500_-0.3383,800.0,2.0,-38.0,right,1,-0.75,0.3383,Congruent,-1.0
sub-001,Materials/Mindfulness.mp3,Ebbinghaus,1,50.0,Ebbinghaus_-0.1500_0.20566,507.0,-25.0,12.0,left,1,-0.15,0.20566,Congruent,1.0
sub-001,Materials/Mindfulness.mp3,Ebbinghaus,1,51.0,Ebbinghaus_1.35000_0.09684,647.0,19.0,37.0,right,0,1.35,0.09684,Incongruent,1.0
sub-001,Materials/Mindfulness.mp3,Ebbinghaus,1,52.0,Ebbinghaus_-0.4500_-0.5000,562.0,-32.0,-10.0,right,1,-0.45,0.5,Congruent,-1.0
sub-001,Materials/Mindfulness.mp3,Ebbinghaus,1,53.0,Ebbinghaus_-0.7500_0.33830,832.0,15.0,21.0,left,1,-0.75,0.3383,Congruent,1.0
sub-001,Materials/Mindfulness.mp3,Ebbinghaus,1,54.0,Ebbinghaus_1.05000_-0.20566,846.0,-1.0,7.0,left,0,1.05,0.20566,Incongruent,-1.0
sub-001,Materials/Mindfulness.mp3,Ebbinghaus,1,55.0,Ebbinghaus_-0.1500_0.33830,604.0,1.0,-19.0,left,1,-0.15,0.3383,Congruent,1.0
sub-001,Materials/Mindfulness.mp3,Ebbinghaus,1,56.0,Ebbinghaus_-1.3500_0.33830,642.0,-19.0,6.0,left,1,-1.35,0.3383,Congruent,1.0
sub-001,Materials/Mindfulness.mp3,Ebbinghaus,1,57.0,Ebbinghaus_0.15000_0.09684,848.0,-9.0,9.0,left,1,0.15,0.09684,Incongruent,1.0
sub-001,Materials/Mindfulness.mp3,Ebbinghaus,1,58.0,Ebbinghaus_-1.0500_-0.20566,996.0,12.0,33.0,right,1,-1.05,0.20566,Congruent,-1.0
sub-001,Materials/Mindfulness.mp3,Ebbinghaus,1,59.0,Ebbinghaus_-0.7500_0.20566,833.0,12.0,13.0,left,1,-0.75,0.20566,Congruent,1.0
sub-001,Materials/Mindfulness.mp3,Ebbinghaus,1,60.0,Ebbinghaus_0.15000_-0.20566,542.0,-2.0,0.0,right,1,0.15,0.20566,Incongruent,-1.0
sub-001,Materials/Mindfulness.mp3,Ebbinghaus,1,61.0,Ebbinghaus_1.05000_-0.5000,546.0,6.0,29.0,right,1,1.05,0.5,Incongruent,-1.0
sub-001,Materials/Mindfulness.mp3,Ebbinghaus,1,62.0,Ebbinghaus_0.75000_0.20566,523.0,30.0,19.0,left,1,0.75,0.20566,Incongruent,1.0
sub-001,Materials/Mindfulness.mp3,Ebbinghaus,1,63.0,Ebbinghaus_0.45000_0.09684,673.0,-38.0,19.0,left,1,0.45,0.09684,Incongruent,1.0
sub-001,Materials/Mindfulness.mp3,Ebbinghaus,1,64.0,Ebbinghaus_-0.4500_0.20566,777.0,-3.0,-1.0,left,1,-0.45,0.20566,Congruent,1.0
sub-001,Materials/Mindfulness.mp3,Ebbinghaus,1,65.0,Ebbinghaus_-1.3500_0.09684,928.0,-15.0,28.0,left,1,-1.35,0.09684,Congruent,1.0
sub-001,Materials/Mindfulness.mp3,Ebbinghaus,1,66.0,Ebbinghaus_1.35000_0.33830,647.0,1.0,-9.0,left,1,1.35,0.3383,Incongruent,1.0
sub-001,Materials/Mindfulness.mp3,Ebbinghaus,1,67.0,Ebbinghaus_1.05000_0.20566,971.0,15.0,21.0,left,1,1.05,0.20566,Incongruent,1.0
sub-001,Materials/Mindfulness.mp3,Ebbinghaus,1,68.0,Ebbinghaus_1.35000_0.50000,947.0,10.0,5.0,left,1,1.35,0.5,Incongruent,1.0
sub-001,Materials/Mindfulness.mp3,Ebbinghaus,1,69.0,Ebbinghaus_1.35000_-0.5000,823.0,20.0,-28.0,right,1,1.35,0.5,Incongruent,-1.0
sub-001,Materials/Mindfulness.mp3,Ebbinghaus,1,70.0,Ebbinghaus_-1.3500_-0.3383,764.0,0.0,10.0,right,1,-1.35,0.3383,Congruent,-1.0
sub-001,Materials/Mindfulness.mp3,Ebbinghaus,1,71.0,Ebbinghaus_0.45000_0.33830,774.0,19.0,1.0,left,1,0.45,0.3383,Incongruent,1.0
sub-001,Materials/Mindfulness.mp3,Ebbinghaus,1,72.0,Ebbinghaus_-0.4500_-0.3383,993.0,34.0,5.0,right,1,-0.45,0.3383,Congruent,-1.0
sub-001,Materials/Mindfulness.mp3,Ebbinghaus,1,73.0,Ebbinghaus_-0.7500_-0.5000,844.0,1.0,-37.0,right,1,-0.75,0.5,Congruent,-1.0
sub-001,Materials/Mindfulness.mp3,Ebbinghaus,1,74.0,Ebbinghaus_-0.1500_0.09684,576.0,19.0,8.0,left,1,-0.15,0.09684,Congruent,1.0
sub-001,Materials/Mindfulness.mp3,Ebbinghaus,1,75.0,Ebbinghaus_0.45000_-0.5000,545.0,14.0,-41.0,right,1,0.45,0.5,Incongruent,-1.0
sub-001,Materials/Mindfulness.mp3,Ebbinghaus,1,76.0,Ebbinghaus_0.45000_-0.20566,667.0,-12.0,42.0,right,1,0.45,0.20566,Incongruent,-1.0
sub-001,Materials/Mindfulness.mp3,Ebbinghaus,1,77.0,Ebbinghaus_1.05000_-0.3383,657.0,-2.0,24.0,right,1,1.05,0.3383,Incongruent,-1.0
sub-001,Materials/Mindfulness.mp3,Ebbinghaus,1,78.0,Ebbinghaus_1.35000_0.20566,648.0,7.0,-11.0,left,1,1.35,0.20566,Incongruent,1.0
sub-001,Materials/Mindfulness.mp3,Ebbinghaus,1,79.0,Ebbinghaus_1.05000_0.50000,595.0,-39.0,-22.0,left,1,1.05,0.5,Incongruent,1.0
sub-001,Materials/Mindfulness.mp3,Ebbinghaus,1,80.0,Ebbinghaus_-0.7500_0.09684,559.0,-2.0,-12.0,left,1,-0.75,0.09684,Congruent,1.0
sub-001,Materials/Mindfulness.mp3,VerticalHorizontal,1,1.0,VerticalHorizontal_-4.5000_-0.3000,602.0,2.0,15.0,right,1,-4.5,0.3,Congruent,-1.0
sub-001,Materials/Mindfulness.mp3,VerticalHorizontal,1,2.0,VerticalHorizontal_-13.500_-0.12339,979.0,-3.0,36.0,right,1,-13.5,0.12339,Congruent,-1.0
sub-001,Materials/Mindfulness.mp3,VerticalHorizontal,1,3.0,VerticalHorizontal_-13.500_0.20298,720.0,-11.0,11.0,left,1,-13.5,0.20298,Congruent,1.0
sub-001,Materials/Mindfulness.mp3,VerticalHorizontal,1,4.0,VerticalHorizontal_31.5000_-0.20298,762.0,-29.0,-24.0,right,1,31.5,0.20298,Incongruent,-1.0
sub-001,Materials/Mindfulness.mp3,VerticalHorizontal,1,5.0,VerticalHorizontal_-31.500_0.20298,527.0,41.0,0.0,left,1,-31.5,0.20298,Congruent,1.0
sub-001,Materials/Mindfulness.mp3,VerticalHorizontal,1,6.0,VerticalHorizontal_31.5000_-0.0581,979.0,8.0,19.0,left,0,31.5,0.0581,Incongruent,-1.0
sub-001,Materials/Mindfulness.mp3,VerticalHorizontal,1,7.0,VerticalHorizontal_4.50000_-0.3000,852.0,12.0,4.0,right,1,4.5,0.3,Incongruent,-1.0
sub-001,Materials/Mindfulness.mp3,VerticalHorizontal,1,8.0,VerticalHorizontal_-13.500_0.12339,524.0,-39.0,7.0,left,1,-13.5,0.12339,Congruent,1.0
sub-001,Materials/Mindfulness.mp3,VerticalHorizontal,1,9.0,VerticalHorizontal_-40.500_-0.3000,704.0,-24.0,-22.0,right,1,-40.5,0.3,Congruent,-1.0
sub-001,Materials/Mindfulness.mp3,VerticalHorizontal,1,10.0,VerticalHorizontal_40.5000_-0.3000,765.0,-41.0,37.0,right,1,40.5,0.3,Incongruent,-1.0
sub-001,Materials/Mindfulness.mp3,VerticalHorizontal,1,11.0,VerticalHorizontal_-4.5000_0.05810,563.0,20.0,19.0,left,1,-4.5,0.0581,Congruent,1.0
sub-001,Materials/Mindfulness.mp3,VerticalHorizontal,1,12.0,VerticalHorizontal_4.50000_0.20298,625.0,14.0,-24.0,left,1,4.5,0.20298,Incongruent,1.0
sub-001,Materials/Mindfulness.mp3,VerticalHorizontal,1,13.0,VerticalHorizontal_-4.5000_0.12339,730.0,34.0,20.0,left,1,-4.5,0.12339,Congruent,1.0
sub-001,Materials/Mindfulness.mp3,VerticalHorizontal,1,14.0,VerticalHorizontal_13.5000_-0.12339,996.0,-30.0,-19.0,right,1,13.5,0.12339,Incongruent,-1.0
sub-001,Materials/Mindfulness.mp3,VerticalHorizontal,1,15.0,VerticalHorizontal_40.5000_0.12339,607.0,-17.0,-19.0,right,0,40.5,0.12339,Incongruent,1.0
sub-001,Materials/Mindfulness.mp3,VerticalHorizontal,1,16.0,VerticalHorizontal_-22.500_0.20298,738.0,-13.0,-25.0,left,1,-22.5,0.20298,Congruent,1.0
sub-001,Materials/Mindfulness.mp3,VerticalHorizontal,1,17.0,VerticalHorizontal_22.5000_0.20298,589.0,7.0,8.0,right,0,22.5,0.20298,Incongruent,1.0
sub-001,Materials/Mindfulness.mp3,VerticalHorizontal,1,18.0,VerticalHorizontal_22.5000_-0.3000,540.0,11.0,22.0,right,1,22.5,0.3,Incongruent,-1.0
sub-001,Materials/Mindfulness.mp3,VerticalHorizontal,1,19.0,VerticalHorizontal_40.5000_0.30000,578.0,14.0,3.0,left,1,40.5,0.3,Incongruent,1.0
sub-001,Materials/Mindfulness.mp3,VerticalHorizontal,1,20.0,VerticalHorizontal_40.5000_0.05810,564.0,19.0,-3.0,right,0,40.5,0.0581,Incongruent,1.0
sub-001,Materials/Mindfulness.mp3,VerticalHorizontal,1,21.0,VerticalHorizontal_22.5000_0.05810,552.0,0.0,-12.0,right,0,22.5,0.0581,Incongruent,1.0
sub-001,Materials/Mindfulness.mp3,VerticalHorizontal,1,22.0,VerticalHorizontal_-40.500_-0.0581,582.0,2.0,10.0,right,1,-40.5,0.0581,Congruent,-1.0
sub-001,Materials/Mindfulness.mp3,VerticalHorizontal,1,23.0,VerticalHorizontal_-40.500_-0.12339,610.0,-13.0,5.0,right,1,-40.5,0.12339,Congruent,-1.0
sub-001,Materials/Mindfulness.mp3,VerticalHorizontal,1,24.0,VerticalHorizontal_31.5000_-0.12339,563.0,-37.0,14.0,right,1,31.5,0.12339,Incongruent,-1.0
sub-001,Materials/Mindfulness.mp3,VerticalHorizontal,1,25.0,VerticalHorizontal_13.5000_0.30000,556.0,0.0,-36.0,left,1,13.5,0.3,Incongruent,1.0
sub-001,Materials/Mindfulness.mp3,VerticalHorizontal,1,26.0,VerticalHorizontal_-31.500_-0.0581,827.0,10.0,-42.0,right,1,-31.5,0.0581,Congruent,-1.0
sub-001,Materials/Mindfulness.mp3,VerticalHorizontal,1,27.0,VerticalHorizontal_13.5000_-0.3000,909.0,-16.0,44.0,right,1,13.5,0.3,Incongruent,-1.0
sub-001,Materials/Mindfulness.mp3,VerticalHorizontal,1,28.0,VerticalHorizontal_40.5000_0.20298,662.0,1.0,27.0,right,0,40.5,0.20298,Incongruent,1.0
sub-001,Materials/Mindfulness.mp3,VerticalHorizontal,1,29.0,VerticalHorizontal_-22.500_0.12339,715.0,-3.0,-5.0,left,1,-22.5,0.12339,Congruent,1.0
sub-001,Materials/Mindfulness.mp3,VerticalHorizontal,1,30.0,VerticalHorizontal_4.50000_0.12339,955.0,2.0,4.0,left,1,4.5,0.12339,Incongruent,1.0
sub-001,Materials/Mindfulness.mp3,VerticalHorizontal,1,31.0,VerticalHorizontal_4.50000_-0.20298,870.0,5.0,-4.0,right,1,4.5,0.20298,Incongruent,-1.0
sub-001,Materials/Mindfulness.mp3,VerticalHorizontal,1,32.0,VerticalHorizontal_-22.500_-0.0581,921.0,26.0,29.0,right,1,-22.5,0.0581,Congruent,-1.0
sub-001,Materials/Mindfulness.mp3,VerticalHorizontal,1,33.0,VerticalHorizontal_-22.500_0.30000,526.0,-21.0,-1.0,left,1,-22.5,0.3,Congruent,1.0
sub-001,Materials/Mindfulness.mp3,VerticalHorizontal,1,34.0,VerticalHorizontal_4.50000_-0.0581,613.0,-2.0,7.0,right,1,4.5,0.0581,Incongruent,-1.0
sub-001,Materials/Mindfulness.mp3,VerticalHorizontal,1,35.0,VerticalHorizontal_22.5000_0.12339,976.0,-10.0,-9.0,right,0,22.5,0.12339,Incongruent,1.0
sub-001,Materials/Mindfulness.mp3,VerticalHorizontal,1,36.0,VerticalHorizontal_13.5000_0.20298,524.0,-8.0,-36.0,left,1,13.5,0.20298,Incongruent,1.0
sub-001,Materials/Mindfulness.mp3,VerticalHorizontal,1,37.0,VerticalHorizontal_-22.500_-0.12339,582.0,-1.0,-8.0,right,1,-22.5,0.12339,Congruent,-1.0
sub-001,Materials/Mindfulness.mp3,VerticalHorizontal,1,38.0,VerticalHorizontal_-40.500_0.05810,847.0,-36.0,8.0,left,1,-40.5,0.0581,Congruent,1.0
sub-001,Materials/Mindfulness.mp3,VerticalHorizontal,1,39.0,VerticalHorizontal_-4.5000_0.20298,863.0,-29.0,8.0,left,1,-4.5,0.20298,Congruent,1.0
sub-001,Materials/Mindfulness.mp3,VerticalHorizontal,1,40.0,VerticalHorizontal_-31.500_0.30000,948.0,-22.0,-3.0,left,1,-31.5,0.3,Congruent,1.0
sub-001,Materials/Mindfulness.mp3,VerticalHorizontal,1,41.0,VerticalHorizontal_-13.500_-0.0581,523.0,21.0,-18.0,right,1,-13.5,0.0581,Congruent,-1.0
sub-001,Materials/Mindfulness.mp3,VerticalHorizontal,1,42.0,VerticalHorizontal_-31.500_-0.3000,651.0,-9.0,-30.0,right,1,-31.5,0.3,Congruent,-1.0
sub-001,Materials/Mindfulness.mp3,VerticalHorizontal,1,43.0,VerticalHorizontal_22.5000_-0.12339,876.0,14.0,24.0,right,1,22.5,0.12339,Incongruent,-1.0
sub-001,Materials/Mindfulness.mp3,VerticalHorizontal,1,44.0,VerticalHorizontal_-4.5000_0.30000,573.0,-18.0,0.0,left,1,-4.5,0.3,Congruent,1.0
sub-001,Materials/Mindfulness.mp3,VerticalHorizontal,1,45.0,VerticalHorizontal_-40.500_0.30000,649.0,20.0,15.0,left,1,-40.5,0.3,Congruent,1.0
sub-001,Materials/Mindfulness.mp3,VerticalHorizontal,1,46.0,VerticalHorizontal_-40.500_0.12339,932.0,46.0,-24.0,left,1,-40.5,0.12339,Congruent,1.0
sub-001,Materials/Mindfulness.mp3,VerticalHorizontal,1,47.0,VerticalHorizontal_-31.500_-0.12339,923.0,-19.0,-29.0,right,1,-31.5,0.12339,Congruent,-1.0
sub-001,Materials/Mindfulness.mp3,VerticalHorizontal,1,48.0,VerticalHorizontal_4.50000_0.05810,826.0,16.0,-38.0,right,0,4.5,0.0581,Incongruent,1.0
sub-001,Materials/Mindfulness.mp3,VerticalHorizontal,1,49.0,VerticalHorizontal_31.5000_0.30000,737.0,-23.0,13.0,right,0,31.5,0.3,Incongruent,1.0
sub-001,Materials/Mindfulness.mp3,VerticalHorizontal,1,50.0,VerticalHorizontal_31.5000_0.12339,814.0,6.0,-48.0,right,0,31.5,0.12339,Incongruent,1.0
sub-001,Materials/Mindfulness.mp3,VerticalHorizontal,1,51.0,VerticalHorizontal_4.50000_0.30000,770.0,16.0,-45.0,left,1,4.5,0.3,Incongruent,1.0
sub-001,Materials/Mindfulness.mp3,VerticalHorizontal,1,52.0,VerticalHorizontal_22.5000_-0.0581,846.0,11.0,-2.0,right,1,22.5,0.0581,Incongruent,-1.0
sub-001,Materials/Mindfulness.mp3,VerticalHorizontal,1,53.0,VerticalHorizontal_22.5000_-0.20298,729.0,10.0,-27.0,right,1,22.5,0.20298,Incongruent,-1.0
sub-001,Materials/Mindfulness.mp3,VerticalHorizontal,1,54.0,VerticalHorizontal_-13.500_-0.3000,586.0,-28.0,-18.0,right,1,-13.5,0.3,Congruent,-1.0
sub-001,Materials/Mindfulness.mp3,VerticalHorizontal,1,55.0,VerticalHorizontal_-4.5000_-0.12339,612.0,-5.0,43.0,right,1,-4.5,0.12339,Congruent,-1.0
sub-001,Materials/Mindfulness.mp3,VerticalHorizontal,1,56.0,VerticalHorizontal_13.5000_0.05810,702.0,-12.0,-1.0,right,0,13.5,0.0581,Incongruent,1.0
sub-001,Materials/Mindfulness.mp3,VerticalHorizontal,1,57.0,VerticalHorizontal_-31.500_-0.20298,630.0,21.0,-16.0,right,1,-31.5,0.20298,Congruent,-1.0
sub-001,Materials/Mindfulness.mp3,VerticalHorizontal,1,58.0,VerticalHorizontal_-4.5000_-0.20298,954.0,-32.0,21.0,right,1,-4.5,0.20298,Congruent,-1.0
sub-001,Materials/Mindfulness.mp3,VerticalHorizontal,1,59.0,VerticalHorizontal_-40.500_0.20298,507.0,-1.0,27.0,left,1,-40.5,0.20298,Congruent,1.0
sub-001,Materials/Mindfulness.mp3,VerticalHorizontal,1,60.0,VerticalHorizontal_31.5000_-0.3000,823.0,27.0,30.0,right,1,31.5,0.3,Incongruent,-1.0
sub-001,Materials/Mindfulness.mp3,VerticalHorizontal,1,61.0,VerticalHorizontal_-31.500_0.05810,783.0,-25.0,27.0,left,1,-31.5,0.0581,Congruent,1.0
sub-001,Materials/Mindfulness.mp3,VerticalHorizontal,1,62.0,VerticalHorizontal_4.50000_-0.12339,551.0,5.0,0.0,right,1,4.5,0.12339,Incongruent,-1.0
sub-001,Materials/Mindfulness.mp3,VerticalHorizontal,1,63.0,VerticalHorizontal_22.5000_0.30000,745.0,-15.0,27.0,left,1,22.5,0.3,Incongruent,1.0
sub-001,Materials/Mindfulness.mp3,VerticalHorizontal,1,64.0,VerticalHorizontal_-22.500_-0.3000,915.0,0.0,6.0,right,1,-22.5,0.3,Congruent,-1.0
sub-001,Materials/Mindfulness.mp3,VerticalHorizontal,1,65.0,VerticalHorizontal_31.5000_0.05810,980.0,-10.0,29.0,right,0,31.5,0.0581,Incongruent,1.0
sub-001,Materials/Mindfulness.mp3,VerticalHorizontal,1,66.0,VerticalHorizontal_-40.500_-0.20298,610.0,20.0,-25.0,right,1,-40.5,0.20298,Congruent,-1.0
sub-001,Materials/Mindfulness.mp3,VerticalHorizontal,1,67.0,VerticalHorizontal_-13.500_0.30000,864.0,-27.0,-11.0,left,1,-13.5,0.3,Congruent,1.0
sub-001,Materials/Mindfulness.mp3,VerticalHorizontal,1,68.0,VerticalHorizontal_-22.500_-0.20298,773.0,-31.0,0.0,right,1,-22.5,0.20298,Congruent,-1.0
sub-001,Materials/Mindfulness.mp3,VerticalHorizontal,1,69.0,VerticalHorizontal_-22.500_0.05810,680.0,19.0,-21.0,left,1,-22.5,0.0581,Congruent,1.0
sub-001,Materials/Mindfulness.mp3,VerticalHorizontal,1,70.0,VerticalHorizontal_-13.500_-0.20298,641.0,-3.0,-40.0,right,1,-13.5,0.20298,Congruent,-1.0
sub-001,Materials/Mindfulness.mp3,VerticalHorizontal,1,71.0,VerticalHorizontal_-13.500_0.05810,988.0,-22.0,7.0,left,1,-13.5,0.0581,Congruent,1.0
sub-001,Materials/Mindfulness.mp3,VerticalHorizontal,1,72.0,VerticalHorizontal_40.5000_-0.20298,971.0,-22.0,15.0,right,1,40.5,0.20298,Incongruent,-1.0
sub-001,Materials/Mindfulness.mp3,VerticalHorizontal,1,73.0,VerticalHorizontal_13.5000_-0.20298,839.0,-3.0,-8.0,right,1,13.5,0.20298,Incongruent,-1.0
sub-001,Materials/Mindfulness.mp3,VerticalHorizontal,1,74.0,VerticalHorizontal_-31.500_0.12339,602.0,18.0,-13.0,left,1,-31.5,0.12339,Congruent,1.0
sub-001,Materials/Mindfulness.mp3,VerticalHorizontal,1,75.0,VerticalHorizontal_13.5000_0.12339,922.0,-2.0,4.0,right,0,13.5,0.12339,Incongruent,1.0
sub-001,Materials/Mindfulness.mp3,VerticalHorizontal,1,76.0,VerticalHorizontal_40.5000_-0.12339,702.0,3.0,-26.0,left,0,40.5,0.12339,Incongruent,-1.0
sub-001,Materials/Mindfulness.mp3,VerticalHorizontal,1,77.0,VerticalHorizontal_40.5000_-0.0581,779.0,19.0,-17.0,left,0,40.5,0.0581,Incongruent,-1.0
sub-001,Materials/Mindfulness.mp3,VerticalHorizontal,1,78.0,VerticalHorizontal_31.5000_0.20298,587.0,-12.0,4.0,right,0,31.5,0.20298,Incongruent,1.0
sub-001,Materials/Mindfulness.mp3,VerticalHorizontal,1,79.0,VerticalHorizontal_13.5000_-0.0581,721.0,8.0,15.0,right,1,13.5,0.0581,Incongruent,-1.0
sub-001,Materials/Mindfulness.mp3,VerticalHorizontal,1,80.0,VerticalHorizontal_-4.5000_-0.0581,731.0,30.0,11.0,right,1,-4.5,0.0581,Congruent,-1.0
